Customer ID,Recency,Frequency,Monetary,Cluster,Customer Segment
12346.0,165,11,372.86,2,At-Risk Customers
12347.0,3,2,1323.32,1,Regular Customers
12348.0,74,1,222.15999999999997,1,Regular Customers
12349.0,43,3,2671.14,1,Regular Customers
12351.0,11,1,300.93,1,Regular Customers
12352.0,11,2,343.8,1,Regular Customers
12353.0,44,1,317.76,1,Regular Customers
12355.0,203,1,488.21000000000004,2,At-Risk Customers
12356.0,16,3,3560.3,1,Regular Customers
12357.0,24,2,12079.99,0,Loyal High-Value Customers
12358.0,11,3,2719.01,1,Regular Customers
12359.0,61,6,2563.36,1,Regular Customers
12360.0,15,5,1590.83,1,Regular Customers
12361.0,98,3,321.35,1,Regular Customers
12362.0,368,1,130.0,2,At-Risk Customers
12366.0,269,1,500.24,2,At-Risk Customers
12368.0,264,1,917.7,2,At-Risk Customers
12369.0,49,3,1791.15,1,Regular Customers
12370.0,260,3,774.62,2,At-Risk Customers
12371.0,45,3,2179.42,1,Regular Customers
12373.0,260,2,763.0500000000001,2,At-Risk Customers
12374.0,57,3,2246.29,1,Regular Customers
12376.0,25,2,503.15,1,Regular Customers
12377.0,17,2,1798.2,1,Regular Customers
12378.0,198,1,1407.7,2,At-Risk Customers
12379.0,58,2,767.98,1,Regular Customers
12380.0,101,7,6951.49,0,Loyal High-Value Customers
12385.0,15,1,1938.4,1,Regular Customers
12386.0,2,1,258.90000000000003,1,Regular Customers
12387.0,51,1,143.94,1,Regular Customers
12388.0,81,2,1120.45,1,Regular Customers
12389.0,38,3,1433.33,1,Regular Customers
12391.0,100,5,2285.18,1,Regular Customers
12392.0,227,1,234.75000000000003,2,At-Risk Customers
12393.0,18,2,816.85,1,Regular Customers
12395.0,7,4,2048.64,1,Regular Customers
12396.0,310,1,931.4300000000001,2,At-Risk Customers
12399.0,21,3,853.65,1,Regular Customers
12400.0,50,1,205.25,1,Regular Customers
12402.0,28,5,1031.3,1,Regular Customers
12403.0,157,1,591.6600000000001,2,At-Risk Customers
12404.0,318,1,63.24,2,At-Risk Customers
12406.0,35,3,2975.06,1,Regular Customers
12408.0,21,3,1452.22,1,Regular Customers
12409.0,56,4,12346.62,0,Loyal High-Value Customers
12410.0,138,1,320.38,1,Regular Customers
12411.0,45,1,346.9,1,Regular Customers
12412.0,38,3,1370.05,1,Regular Customers
12413.0,38,1,241.35,1,Regular Customers
12414.0,99,3,390.0,1,Regular Customers
12415.0,11,7,19543.84,0,Loyal High-Value Customers
12416.0,292,1,202.56,2,At-Risk Customers
12417.0,46,11,3148.31,0,Loyal High-Value Customers
12418.0,49,3,1352.62,1,Regular Customers
12419.0,21,2,503.01,1,Regular Customers
12421.0,51,2,291.56,1,Regular Customers
12422.0,30,14,4428.24,0,Loyal High-Value Customers
12423.0,23,2,763.08,1,Regular Customers
12424.0,58,2,1579.07,1,Regular Customers
12425.0,84,1,964.21,1,Regular Customers
12426.0,298,1,762.48,2,At-Risk Customers
12427.0,7,1,303.5,1,Regular Customers
12429.0,1,5,3735.51,1,Regular Customers
12431.0,9,13,4370.52,0,Loyal High-Value Customers
12433.0,2,5,7205.39,0,Loyal High-Value Customers
12434.0,17,1,297.29,1,Regular Customers
12435.0,32,4,6096.04,0,Loyal High-Value Customers
12437.0,31,21,7731.99,0,Loyal High-Value Customers
12439.0,318,2,1142.88,2,At-Risk Customers
12440.0,98,2,859.2,1,Regular Customers
12441.0,2,1,173.55,1,Regular Customers
12443.0,368,1,485.31,2,At-Risk Customers
12445.0,56,1,301.58000000000004,1,Regular Customers
12449.0,46,2,768.6,1,Regular Customers
12450.0,35,3,490.32,1,Regular Customers
12451.0,99,3,3634.36,1,Regular Customers
12454.0,31,4,13151.44,0,Loyal High-Value Customers
12455.0,81,4,3413.09,1,Regular Customers
12457.0,71,1,632.6800000000001,1,Regular Customers
12458.0,63,2,830.09,1,Regular Customers
12459.0,241,1,454.36,2,At-Risk Customers
12460.0,92,1,326.65,1,Regular Customers
12466.0,318,1,56.73,2,At-Risk Customers
12467.0,59,1,132.8,1,Regular Customers
12468.0,162,3,2941.2,2,At-Risk Customers
12469.0,158,2,3070.54,2,At-Risk Customers
12470.0,325,1,211.95,2,At-Risk Customers
12471.0,10,31,20004.390600000017,3,VIP Customers
12472.0,5,13,11308.48,0,Loyal High-Value Customers
12474.0,14,13,5048.66,0,Loyal High-Value Customers
12475.0,45,1,426.26,1,Regular Customers
12476.0,32,12,7267.49,0,Loyal High-Value Customers
12477.0,35,3,7056.63,0,Loyal High-Value Customers
12480.0,35,3,2183.2200000000003,1,Regular Customers
12481.0,1,6,6765.07,0,Loyal High-Value Customers
12482.0,212,29,20004.390600000017,3,VIP Customers
12483.0,14,11,2612.2000000000003,0,Loyal High-Value Customers
12484.0,119,6,1826.78,1,Regular Customers
12485.0,165,1,708.1,2,At-Risk Customers
12486.0,67,1,1037.28,1,Regular Customers
12487.0,366,1,285.3,2,At-Risk Customers
12490.0,14,11,4405.71,0,Loyal High-Value Customers
12492.0,39,1,452.0,1,Regular Customers
12494.0,1,3,626.77,1,Regular Customers
12495.0,276,1,357.4,2,At-Risk Customers
12496.0,256,2,45.34,2,At-Risk Customers
12497.0,36,2,5205.400000000001,1,Regular Customers
12499.0,196,1,393.72,2,At-Risk Customers
12500.0,71,8,1697.39,1,Regular Customers
12503.0,220,1,1126.0,2,At-Risk Customers
12504.0,53,2,297.0,1,Regular Customers
12505.0,44,1,955.2,1,Regular Customers
12507.0,220,1,539.25,2,At-Risk Customers
12510.0,95,7,4195.45,0,Loyal High-Value Customers
12511.0,64,1,3084.02,1,Regular Customers
12514.0,277,1,580.08,2,At-Risk Customers
12516.0,66,2,1336.56,1,Regular Customers
12519.0,112,1,385.70000000000005,1,Regular Customers
12523.0,10,12,2562.58,0,Loyal High-Value Customers
12524.0,24,9,6640.39,0,Loyal High-Value Customers
12525.0,134,3,973.73,1,Regular Customers
12527.0,130,2,386.8,1,Regular Customers
12529.0,164,1,316.48,2,At-Risk Customers
12530.0,51,5,2096.98,1,Regular Customers
12531.0,322,1,1807.98,2,At-Risk Customers
12533.0,263,2,1367.89,2,At-Risk Customers
12537.0,44,1,732.94,1,Regular Customers
12538.0,14,1,276.5,1,Regular Customers
12539.0,86,3,5646.400000000001,1,Regular Customers
12540.0,14,16,8854.25,0,Loyal High-Value Customers
12542.0,120,2,481.88,1,Regular Customers
12543.0,84,1,980.25,1,Regular Customers
12547.0,136,1,175.78,1,Regular Customers
12549.0,211,6,1575.68,2,At-Risk Customers
12553.0,21,2,916.47,1,Regular Customers
12554.0,84,1,468.5,1,Regular Customers
12555.0,318,1,129.23,2,At-Risk Customers
12557.0,7,4,6725.18,0,Loyal High-Value Customers
12562.0,21,2,1185.18,1,Regular Customers
12563.0,44,1,249.24,1,Regular Customers
12567.0,3,7,4308.58,0,Loyal High-Value Customers
12568.0,280,1,70.0,2,At-Risk Customers
12570.0,318,1,77.52,2,At-Risk Customers
12573.0,17,4,556.87,1,Regular Customers
12575.0,93,2,622.82,1,Regular Customers
12576.0,28,3,826.89,1,Regular Customers
12577.0,17,5,990.5,1,Regular Customers
12578.0,21,2,1847.94,1,Regular Customers
12580.0,212,1,637.2,2,At-Risk Customers
12582.0,58,2,1469.04,1,Regular Customers
12583.0,9,13,7166.06,0,Loyal High-Value Customers
12586.0,10,3,1865.73,1,Regular Customers
12588.0,35,3,743.88,1,Regular Customers
12589.0,57,6,4048.98,1,Regular Customers
12591.0,26,2,886.1,1,Regular Customers
12592.0,155,3,2145.06,2,At-Risk Customers
12594.0,14,5,1751.89,1,Regular Customers
12595.0,140,1,299.02,2,At-Risk Customers
12598.0,99,3,1511.01,1,Regular Customers
12599.0,17,6,1264.14,1,Regular Customers
12600.0,7,12,2444.88,0,Loyal High-Value Customers
12601.0,40,1,104.2,1,Regular Customers
12605.0,12,4,1232.95,1,Regular Customers
12606.0,318,1,40.586400000000005,2,At-Risk Customers
12608.0,40,1,415.79,1,Regular Customers
12609.0,10,6,2309.01,1,Regular Customers
12613.0,24,5,3472.9900000000002,1,Regular Customers
12615.0,49,4,3449.79,1,Regular Customers
12616.0,24,1,417.8,1,Regular Customers
12619.0,196,1,140.14,2,At-Risk Customers
12621.0,1,16,11086.14,0,Loyal High-Value Customers
12623.0,52,6,3442.7400000000002,1,Regular Customers
12625.0,145,2,2481.06,2,At-Risk Customers
12629.0,21,2,1558.22,1,Regular Customers
12631.0,92,5,2841.07,1,Regular Customers
12632.0,156,2,804.88,2,At-Risk Customers
12633.0,18,3,3514.18,1,Regular Customers
12634.0,171,2,490.0,2,At-Risk Customers
12635.0,28,2,1241.23,1,Regular Customers
12636.0,368,1,141.0,2,At-Risk Customers
12637.0,14,4,2280.91,1,Regular Customers
12638.0,275,1,249.8,2,At-Risk Customers
12639.0,70,2,826.27,1,Regular Customers
12643.0,21,6,4960.18,0,Loyal High-Value Customers
12644.0,66,3,1440.58,1,Regular Customers
12645.0,45,4,1764.12,1,Regular Customers
12647.0,3,27,14201.53,3,VIP Customers
12648.0,73,3,793.95,1,Regular Customers
12649.0,18,5,1671.14,1,Regular Customers
12651.0,14,3,263.75,1,Regular Customers
12652.0,70,1,97.05000000000001,1,Regular Customers
12653.0,162,1,1950.98,2,At-Risk Customers
12655.0,59,1,261.35,1,Regular Customers
12656.0,61,3,2356.66,1,Regular Customers
12661.0,72,1,162.0,1,Regular Customers
12662.0,9,10,3138.2400000000002,0,Loyal High-Value Customers
12663.0,260,2,239.4,2,At-Risk Customers
12664.0,150,2,1188.16,2,At-Risk Customers
12665.0,53,2,250.6,1,Regular Customers
12666.0,30,1,1248.42,1,Regular Customers
12668.0,14,6,7575.88,0,Loyal High-Value Customers
12670.0,21,2,764.24,1,Regular Customers
12671.0,242,1,2622.481,2,At-Risk Customers
12672.0,231,1,211.15,2,At-Risk Customers
12673.0,37,1,619.5,1,Regular Customers
12675.0,189,2,957.25,2,At-Risk Customers
12676.0,44,5,1511.7,1,Regular Customers
12677.0,191,2,395.1,2,At-Risk Customers
12678.0,11,9,16652.72,0,Loyal High-Value Customers
12681.0,3,24,17080.74,0,Loyal High-Value Customers
12682.0,1,23,11745.69,0,Loyal High-Value Customers
12683.0,1,8,4220.21,0,Loyal High-Value Customers
12686.0,7,1,89.14,1,Regular Customers
12687.0,116,2,2138.91,1,Regular Customers
12691.0,56,1,134.6,1,Regular Customers
12692.0,273,1,110.95,2,At-Risk Customers
12693.0,32,3,847.11,1,Regular Customers
12694.0,57,1,973.68,1,Regular Customers
12695.0,164,3,825.02,2,At-Risk Customers
12696.0,70,2,851.91,1,Regular Customers
12698.0,226,1,339.75,2,At-Risk Customers
12699.0,53,1,638.11,1,Regular Customers
12701.0,165,4,1648.7,2,At-Risk Customers
12703.0,269,3,722.98,2,At-Risk Customers
12705.0,19,5,4893.81,1,Regular Customers
12708.0,4,9,2601.19,0,Loyal High-Value Customers
12709.0,2,20,20004.390600000017,0,Loyal High-Value Customers
12711.0,247,2,1339.05,2,At-Risk Customers
12712.0,1,10,2797.53,0,Loyal High-Value Customers
12714.0,24,7,9384.85,0,Loyal High-Value Customers
12717.0,226,1,277.93,2,At-Risk Customers
12720.0,5,6,2478.94,1,Regular Customers
12721.0,21,2,1356.95,1,Regular Customers
12724.0,19,3,1286.11,1,Regular Customers
12725.0,7,4,2266.76,1,Regular Customers
12726.0,23,4,1405.5,1,Regular Customers
12727.0,78,3,1698.8300000000002,1,Regular Customers
12728.0,19,1,233.84,1,Regular Customers
12730.0,157,1,829.25,2,At-Risk Customers
12731.0,78,5,6879.8,0,Loyal High-Value Customers
12733.0,25,3,2040.92,1,Regular Customers
12734.0,10,2,529.25,1,Regular Customers
12737.0,134,2,3710.5,1,Regular Customers
12738.0,8,1,155.35,1,Regular Customers
12739.0,21,2,1713.69,1,Regular Customers
12741.0,165,2,406.07,2,At-Risk Customers
12742.0,261,1,1201.52,2,At-Risk Customers
12744.0,95,4,4037.77,1,Regular Customers
12745.0,122,3,925.41,1,Regular Customers
12746.0,176,1,254.55,2,At-Risk Customers
12747.0,5,16,5061.03,0,Loyal High-Value Customers
12748.0,1,31,20004.390600000017,3,VIP Customers
12749.0,35,4,2806.48,1,Regular Customers
12751.0,80,1,268.27,1,Regular Customers
12755.0,1,10,5218.71,0,Loyal High-Value Customers
12758.0,95,5,7111.650000000001,0,Loyal High-Value Customers
12759.0,22,5,3489.3,1,Regular Customers
12760.0,91,1,347.8,1,Regular Customers
12761.0,93,2,782.95,1,Regular Customers
12763.0,5,1,320.08,1,Regular Customers
12765.0,108,6,1404.58,1,Regular Customers
12766.0,2,3,3078.65,1,Regular Customers
12767.0,11,1,949.82,1,Regular Customers
12768.0,86,1,168.69,1,Regular Customers
12770.0,92,1,1895.0,1,Regular Customers
12771.0,121,1,282.3,1,Regular Customers
12773.0,200,1,124.25,2,At-Risk Customers
12774.0,171,1,98.7,2,At-Risk Customers
12775.0,24,2,300.08000000000004,1,Regular Customers
12776.0,303,1,55.5,2,At-Risk Customers
12777.0,93,1,519.45,1,Regular Customers
12778.0,32,3,953.4499999999999,1,Regular Customers
12779.0,7,7,2740.91,1,Regular Customers
12780.0,234,1,337.4,2,At-Risk Customers
12782.0,10,6,2287.32,1,Regular Customers
12784.0,165,1,1230.33,2,At-Risk Customers
12785.0,171,2,788.45,2,At-Risk Customers
12786.0,245,1,728.5000000000001,2,At-Risk Customers
12787.0,49,1,398.52,1,Regular Customers
12788.0,99,4,444.90000000000003,1,Regular Customers
12789.0,148,2,181.5,2,At-Risk Customers
12790.0,46,1,266.93,1,Regular Customers
12791.0,9,6,863.51,1,Regular Customers
12792.0,170,1,426.47,2,At-Risk Customers
12793.0,7,2,471.85,1,Regular Customers
12796.0,264,1,381.0,2,At-Risk Customers
12797.0,1,2,552.08,1,Regular Customers
12798.0,57,1,1533.89,1,Regular Customers
12799.0,165,1,219.35,2,At-Risk Customers
12800.0,106,3,584.25,1,Regular Customers
12801.0,136,1,1071.82,1,Regular Customers
12802.0,78,6,1988.84,1,Regular Customers
12803.0,29,1,1092.81,1,Regular Customers
12804.0,101,2,325.37,1,Regular Customers
12805.0,17,4,1434.95,1,Regular Customers
12806.0,71,4,2878.96,1,Regular Customers
12807.0,19,1,330.35,1,Regular Customers
12808.0,4,3,422.45,1,Regular Customers
12809.0,201,2,1266.63,2,At-Risk Customers
12810.0,170,2,534.99,2,At-Risk Customers
12811.0,14,2,519.0500000000001,1,Regular Customers
12813.0,137,3,1687.8,1,Regular Customers
12817.0,35,2,524.94,1,Regular Customers
12819.0,94,1,540.52,1,Regular Customers
12820.0,33,7,1747.18,1,Regular Customers
12821.0,247,1,128.08,2,At-Risk Customers
12823.0,30,13,4742.0,0,Loyal High-Value Customers
12825.0,157,2,518.63,2,At-Risk Customers
12826.0,1,6,1481.03,1,Regular Customers
12829.0,186,1,92.3,2,At-Risk Customers
12831.0,99,2,236.06,1,Regular Customers
12835.0,63,31,5996.83,3,VIP Customers
12836.0,25,11,3949.37,0,Loyal High-Value Customers
12837.0,205,1,528.5600000000001,2,At-Risk Customers
12838.0,9,9,2694.75,0,Loyal High-Value Customers
12839.0,3,13,4480.31,0,Loyal High-Value Customers
12840.0,73,3,1315.2,1,Regular Customers
12841.0,5,17,3472.61,0,Loyal High-Value Customers
12842.0,40,2,799.0,1,Regular Customers
12843.0,18,22,4881.1,0,Loyal High-Value Customers
12844.0,78,2,322.64,1,Regular Customers
12846.0,318,1,40.586400000000005,2,At-Risk Customers
12847.0,23,1,765.36,1,Regular Customers
12848.0,311,1,208.0,2,At-Risk Customers
12849.0,17,4,2032.18,1,Regular Customers
12850.0,81,1,330.0,1,Regular Customers
12851.0,113,1,148.95,1,Regular Customers
12853.0,63,5,1950.4,1,Regular Customers
12854.0,197,4,1654.72,2,At-Risk Customers
12855.0,8,4,612.84,1,Regular Customers
12857.0,72,4,2581.6,1,Regular Customers
12858.0,19,1,147.27,1,Regular Customers
12859.0,94,1,575.1,1,Regular Customers
12860.0,329,1,54.22,2,At-Risk Customers
12861.0,255,1,68.25,2,At-Risk Customers
12862.0,61,2,984.62,1,Regular Customers
12863.0,15,5,2271.35,1,Regular Customers
12864.0,144,1,152.45,2,At-Risk Customers
12865.0,14,2,1755.24,1,Regular Customers
12866.0,110,2,668.23,1,Regular Customers
12867.0,33,6,3819.92,1,Regular Customers
12868.0,9,3,640.0,1,Regular Customers
12869.0,317,1,337.66999999999996,2,At-Risk Customers
12870.0,11,3,1676.95,1,Regular Customers
12871.0,75,1,363.38,1,Regular Customers
12872.0,1,11,3062.52,0,Loyal High-Value Customers
12873.0,33,2,1653.3,1,Regular Customers
12874.0,21,2,948.42,1,Regular Customers
12875.0,107,3,1013.7600000000001,1,Regular Customers
12876.0,30,2,1863.77,1,Regular Customers
12877.0,37,8,1406.3700000000001,1,Regular Customers
12880.0,17,2,640.13,1,Regular Customers
12887.0,19,1,222.4,1,Regular Customers
12889.0,17,4,385.46000000000004,1,Regular Customers
12890.0,23,1,329.3,1,Regular Customers
12891.0,94,8,509.5,1,Regular Customers
12892.0,32,1,263.38,1,Regular Customers
12894.0,211,1,157.35,2,At-Risk Customers
12897.0,17,2,297.75,1,Regular Customers
12898.0,99,2,296.21,1,Regular Customers
12899.0,49,1,366.4,1,Regular Customers
12900.0,58,1,340.33000000000004,1,Regular Customers
12903.0,64,1,833.5300000000001,1,Regular Customers
12905.0,212,2,1018.42,2,At-Risk Customers
12907.0,31,2,508.91,1,Regular Customers
12908.0,16,3,1026.0,1,Regular Customers
12909.0,60,3,924.52,1,Regular Customers
12910.0,15,5,2721.48,1,Regular Customers
12911.0,187,1,1651.72,2,At-Risk Customers
12913.0,4,9,4217.23,0,Loyal High-Value Customers
12914.0,36,1,223.98,1,Regular Customers
12915.0,8,3,811.1,1,Regular Customers
12916.0,78,3,1534.78,1,Regular Customers
12917.0,36,5,3765.2,1,Regular Customers
12918.0,262,1,10953.5,2,At-Risk Customers
12920.0,207,3,323.86,2,At-Risk Customers
12921.0,2,31,19333.95,3,VIP Customers
12923.0,26,2,597.6,1,Regular Customers
12924.0,29,8,1535.7,1,Regular Customers
12925.0,228,1,40.586400000000005,2,At-Risk Customers
12926.0,47,4,1523.97,1,Regular Customers
12927.0,30,1,197.31,1,Regular Customers
12928.0,14,7,2242.19,1,Regular Customers
12931.0,16,31,20004.390600000017,3,VIP Customers
12932.0,175,8,1698.56,2,At-Risk Customers
12933.0,16,5,1029.1,1,Regular Customers
12934.0,368,1,181.65,2,At-Risk Customers
12935.0,11,8,2083.16,1,Regular Customers
12937.0,99,5,1593.34,1,Regular Customers
12939.0,15,12,13683.0,0,Loyal High-Value Customers
12941.0,360,1,377.49,2,At-Risk Customers
12942.0,1,1,258.75,1,Regular Customers
12943.0,194,2,496.5,2,At-Risk Customers
12945.0,292,1,437.16,2,At-Risk Customers
12946.0,72,1,324.45,1,Regular Customers
12947.0,9,1,304.04,1,Regular Customers
12948.0,366,2,252.48,2,At-Risk Customers
12949.0,18,14,11359.48,0,Loyal High-Value Customers
12951.0,22,9,2149.65,1,Regular Customers
12953.0,158,1,498.96,2,At-Risk Customers
12954.0,274,1,162.45,2,At-Risk Customers
12956.0,320,3,413.82,2,At-Risk Customers
12957.0,177,5,4689.43,2,At-Risk Customers
12958.0,36,2,467.34,1,Regular Customers
12959.0,120,1,150.95,1,Regular Customers
12960.0,49,4,1322.0700000000002,1,Regular Customers
12961.0,15,1,211.99,1,Regular Customers
12963.0,1,5,1744.96,1,Regular Customers
12964.0,73,1,132.24,1,Regular Customers
12967.0,7,2,2646.02,1,Regular Customers
12969.0,238,1,122.45,2,At-Risk Customers
12970.0,16,6,1048.13,1,Regular Customers
12971.0,2,31,4782.88,3,VIP Customers
12972.0,49,4,1161.2,1,Regular Customers
12973.0,49,1,385.55,1,Regular Customers
12974.0,201,1,264.15,2,At-Risk Customers
12975.0,72,6,2100.09,1,Regular Customers
12976.0,14,7,2417.78,1,Regular Customers
12977.0,137,3,474.64,1,Regular Customers
12978.0,21,5,2502.82,1,Regular Customers
12979.0,365,1,517.7,2,At-Risk Customers
12980.0,22,12,8870.880000000001,0,Loyal High-Value Customers
12982.0,30,7,2354.27,1,Regular Customers
12983.0,234,1,490.08,2,At-Risk Customers
12986.0,64,10,2729.84,0,Loyal High-Value Customers
12987.0,56,3,753.51,1,Regular Customers
12989.0,60,18,6627.64,0,Loyal High-Value Customers
12990.0,53,4,546.0,1,Regular Customers
12991.0,25,1,261.06,1,Regular Customers
12992.0,361,1,93.35,2,At-Risk Customers
12993.0,81,4,844.87,1,Regular Customers
12996.0,11,1,355.5,1,Regular Customers
12997.0,30,4,884.02,1,Regular Customers
12998.0,128,3,920.08,1,Regular Customers
13000.0,361,1,497.65,2,At-Risk Customers
13001.0,40,20,14256.68,0,Loyal High-Value Customers
13002.0,52,2,293.18,1,Regular Customers
13004.0,22,18,5994.94,0,Loyal High-Value Customers
13005.0,67,2,485.98,1,Regular Customers
13007.0,215,1,175.25,2,At-Risk Customers
13008.0,33,2,382.66,1,Regular Customers
13009.0,308,1,234.0,2,At-Risk Customers
13010.0,10,2,330.12,1,Regular Customers
13011.0,8,1,50.550000000000004,1,Regular Customers
13012.0,65,3,1310.99,1,Regular Customers
13013.0,7,18,7814.83,0,Loyal High-Value Customers
13014.0,68,1,1914.8,1,Regular Customers
13015.0,74,6,3240.14,1,Regular Customers
13018.0,49,7,2485.46,1,Regular Customers
13019.0,15,6,1229.95,1,Regular Customers
13020.0,198,2,618.96,2,At-Risk Customers
13021.0,10,8,2270.86,1,Regular Customers
13022.0,65,1,65.3,1,Regular Customers
13023.0,164,1,759.13,2,At-Risk Customers
13024.0,106,2,555.87,1,Regular Customers
13025.0,367,1,323.39,2,At-Risk Customers
13026.0,124,4,757.72,1,Regular Customers
13027.0,21,13,10327.2,0,Loyal High-Value Customers
13029.0,10,2,679.8,1,Regular Customers
13030.0,4,1,402.36,1,Regular Customers
13031.0,43,5,3292.84,1,Regular Customers
13032.0,28,7,1805.78,1,Regular Customers
13033.0,65,1,40.586400000000005,1,Regular Customers
13034.0,5,2,279.91,1,Regular Customers
13035.0,67,1,442.32,1,Regular Customers
13036.0,320,1,307.1,2,At-Risk Customers
13037.0,35,9,3033.88,0,Loyal High-Value Customers
13039.0,220,4,1010.73,2,At-Risk Customers
13041.0,86,4,799.13,1,Regular Customers
13042.0,234,3,1488.59,2,At-Risk Customers
13044.0,128,10,4287.58,0,Loyal High-Value Customers
13045.0,37,2,503.64,1,Regular Customers
13046.0,92,1,319.94,1,Regular Customers
13047.0,9,17,5557.62,0,Loyal High-Value Customers
13048.0,72,5,2229.7200000000003,1,Regular Customers
13049.0,25,2,751.5600000000001,1,Regular Customers
13050.0,2,19,6477.67,0,Loyal High-Value Customers
13051.0,214,2,155.8,2,At-Risk Customers
13052.0,56,6,2771.18,1,Regular Customers
13053.0,257,1,127.65,2,At-Risk Customers
13055.0,65,1,1106.7,1,Regular Customers
13056.0,187,1,209.48,2,At-Risk Customers
13057.0,166,3,709.59,2,At-Risk Customers
13059.0,49,9,2108.37,1,Regular Customers
13063.0,116,1,188.4,1,Regular Customers
13064.0,186,2,561.25,2,At-Risk Customers
13065.0,9,5,1055.05,1,Regular Customers
13067.0,45,2,393.05,1,Regular Customers
13069.0,5,16,5185.51,0,Loyal High-Value Customers
13070.0,95,3,522.9,1,Regular Customers
13071.0,248,1,129.22,2,At-Risk Customers
13073.0,47,2,418.08,1,Regular Customers
13074.0,147,4,1378.74,2,At-Risk Customers
13076.0,93,1,135.4,1,Regular Customers
13077.0,2,8,2326.35,1,Regular Customers
13078.0,2,31,16904.51,3,VIP Customers
13079.0,53,1,199.08,1,Regular Customers
13080.0,37,3,222.65,1,Regular Customers
13081.0,7,19,20004.390600000017,3,VIP Customers
13082.0,60,12,3722.12,0,Loyal High-Value Customers
13083.0,61,1,91.67999999999999,1,Regular Customers
13084.0,127,1,122.39999999999999,1,Regular Customers
13085.0,315,6,2017.2,2,At-Risk Customers
13086.0,18,1,439.33000000000004,1,Regular Customers
13087.0,362,1,313.64,2,At-Risk Customers
13088.0,53,1,236.11,1,Regular Customers
13089.0,4,31,20004.390600000017,3,VIP Customers
13090.0,1,13,5189.32,0,Loyal High-Value Customers
13091.0,365,2,1976.0,2,At-Risk Customers
13092.0,50,7,1662.45,1,Regular Customers
13093.0,9,31,20004.390600000017,3,VIP Customers
13094.0,4,2,505.80000000000007,1,Regular Customers
13096.0,30,1,419.7000000000001,1,Regular Customers
13097.0,24,18,7320.88,0,Loyal High-Value Customers
13101.0,134,3,594.21,1,Regular Customers
13102.0,1,14,5272.83,0,Loyal High-Value Customers
13103.0,73,2,465.70000000000005,1,Regular Customers
13104.0,51,3,610.62,1,Regular Customers
13105.0,72,1,72.0,1,Regular Customers
13106.0,49,1,526.96,1,Regular Customers
13107.0,49,5,3721.45,1,Regular Customers
13108.0,8,2,748.46,1,Regular Customers
13109.0,187,1,347.49,2,At-Risk Customers
13110.0,73,5,1468.8,1,Regular Customers
13111.0,354,1,321.88000000000005,2,At-Risk Customers
13112.0,177,1,40.586400000000005,2,At-Risk Customers
13113.0,2,14,6357.08,0,Loyal High-Value Customers
13114.0,366,1,234.38,2,At-Risk Customers
13115.0,15,6,3199.92,1,Regular Customers
13117.0,1,12,1658.9,0,Loyal High-Value Customers
13118.0,12,4,1217.6,1,Regular Customers
13119.0,304,1,134.9,2,At-Risk Customers
13123.0,108,2,506.75,1,Regular Customers
13124.0,21,1,885.33,1,Regular Customers
13125.0,159,1,148.62,2,At-Risk Customers
13126.0,2,7,1898.61,1,Regular Customers
13128.0,267,1,263.5,2,At-Risk Customers
13129.0,88,2,233.25,1,Regular Customers
13131.0,54,4,2240.4700000000003,1,Regular Customers
13133.0,95,1,90.65,1,Regular Customers
13134.0,38,2,681.65,1,Regular Customers
13135.0,127,1,275.45,1,Regular Customers
13136.0,11,8,3666.9500000000003,0,Loyal High-Value Customers
13137.0,22,8,3983.65,0,Loyal High-Value Customers
13138.0,8,2,504.85,1,Regular Customers
13139.0,73,1,3138.04,1,Regular Customers
13140.0,2,3,790.71,1,Regular Customers
13141.0,21,12,5267.33,0,Loyal High-Value Customers
13143.0,220,1,405.1,2,At-Risk Customers
13144.0,67,1,40.586400000000005,1,Regular Customers
13145.0,8,4,805.0,1,Regular Customers
13148.0,25,14,4814.56,0,Loyal High-Value Customers
13150.0,120,3,449.96999999999997,1,Regular Customers
13151.0,261,2,1207.3400000000001,2,At-Risk Customers
13152.0,53,7,2146.38,1,Regular Customers
13154.0,35,3,1624.84,1,Regular Customers
13155.0,4,3,778.4200000000001,1,Regular Customers
13156.0,21,3,1586.54,1,Regular Customers
13157.0,45,5,3946.14,1,Regular Customers
13158.0,24,1,307.12,1,Regular Customers
13161.0,136,1,359.38,1,Regular Customers
13162.0,16,12,7587.2,0,Loyal High-Value Customers
13163.0,246,1,40.586400000000005,2,At-Risk Customers
13164.0,205,2,372.2,2,At-Risk Customers
13165.0,49,1,429.68,1,Regular Customers
13166.0,50,1,458.73,1,Regular Customers
13167.0,26,1,333.82,1,Regular Customers
13168.0,178,1,541.14,2,At-Risk Customers
13169.0,198,1,127.2,2,At-Risk Customers
13172.0,36,1,69.6,1,Regular Customers
13173.0,3,10,2212.11,0,Loyal High-Value Customers
13174.0,5,10,6621.6,0,Loyal High-Value Customers
13175.0,218,2,831.45,2,At-Risk Customers
13177.0,66,1,229.75,1,Regular Customers
13178.0,33,10,8333.72,0,Loyal High-Value Customers
13179.0,254,1,572.3100000000001,2,At-Risk Customers
13180.0,243,1,86.10000000000001,2,At-Risk Customers
13181.0,17,1,359.69,1,Regular Customers
13183.0,30,6,3078.4,1,Regular Customers
13187.0,260,3,105.34,2,At-Risk Customers
13190.0,180,3,570.66,2,At-Risk Customers
13191.0,294,1,164.69,2,At-Risk Customers
13192.0,171,4,1646.64,2,At-Risk Customers
13194.0,57,1,412.08,1,Regular Customers
13195.0,50,1,136.73,1,Regular Customers
13196.0,79,3,1271.06,1,Regular Customers
13197.0,245,1,373.01000000000005,2,At-Risk Customers
13198.0,23,2,1572.99,1,Regular Customers
13199.0,2,30,6615.77,0,Loyal High-Value Customers
13201.0,138,4,1233.06,1,Regular Customers
13202.0,30,7,1580.3,1,Regular Customers
13203.0,22,6,1778.79,1,Regular Customers
13204.0,367,1,966.6600000000001,2,At-Risk Customers
13205.0,79,1,2803.2,1,Regular Customers
13206.0,36,13,8308.19,0,Loyal High-Value Customers
13207.0,87,2,285.6,1,Regular Customers
13208.0,85,3,758.65,1,Regular Customers
13209.0,150,5,2617.9,2,At-Risk Customers
13211.0,17,7,1523.35,1,Regular Customers
13213.0,19,6,2330.94,1,Regular Customers
13214.0,53,7,3264.23,1,Regular Customers
13215.0,38,1,81.6,1,Regular Customers
13217.0,291,1,132.5,2,At-Risk Customers
13219.0,254,1,76.23,2,At-Risk Customers
13220.0,211,1,516.8,2,At-Risk Customers
13222.0,213,1,88.5,2,At-Risk Customers
13223.0,59,4,805.92,1,Regular Customers
13225.0,57,9,9796.23,0,Loyal High-Value Customers
13226.0,29,1,204.25,1,Regular Customers
13230.0,1,17,3457.83,0,Loyal High-Value Customers
13233.0,56,2,571.34,1,Regular Customers
13234.0,308,2,346.5,2,At-Risk Customers
13237.0,23,1,643.0,1,Regular Customers
13238.0,66,2,305.9,1,Regular Customers
13239.0,73,4,1265.1299999999999,1,Regular Customers
13240.0,1,5,1036.21,1,Regular Customers
13241.0,47,1,112.53,1,Regular Customers
13242.0,87,4,429.0,1,Regular Customers
13243.0,85,4,635.26,1,Regular Customers
13245.0,68,1,558.72,1,Regular Customers
13246.0,29,5,1390.23,1,Regular Customers
13249.0,37,6,897.52,1,Regular Customers
13250.0,96,2,253.09,1,Regular Customers
13251.0,38,1,252.68,1,Regular Customers
13252.0,30,2,399.3,1,Regular Customers
13253.0,66,2,1920.71,1,Regular Customers
13254.0,12,1,51.41,1,Regular Customers
13255.0,9,2,504.95,1,Regular Customers
13257.0,72,1,149.75,1,Regular Customers
13258.0,15,2,336.59999999999997,1,Regular Customers
13259.0,33,8,1119.36,1,Regular Customers
13262.0,25,2,373.16,1,Regular Customers
13263.0,29,4,1239.27,1,Regular Customers
13264.0,78,1,722.5600000000001,1,Regular Customers
13266.0,49,7,2300.78,1,Regular Customers
13267.0,2,18,5236.77,0,Loyal High-Value Customers
13269.0,5,14,3545.47,0,Loyal High-Value Customers
13270.0,2,1,590.0,1,Regular Customers
13274.0,45,1,360.85,1,Regular Customers
13275.0,19,2,238.86,1,Regular Customers
13276.0,33,3,1300.98,1,Regular Customers
13277.0,16,3,264.9,1,Regular Customers
13278.0,35,3,893.12,1,Regular Customers
13280.0,15,4,1494.8700000000001,1,Regular Customers
13281.0,75,1,350.85,1,Regular Customers
13282.0,42,1,181.05,1,Regular Customers
13283.0,203,2,279.7,2,At-Risk Customers
13285.0,236,2,655.47,2,At-Risk Customers
13286.0,236,1,734.91,2,At-Risk Customers
13287.0,239,3,781.59,2,At-Risk Customers
13288.0,79,5,927.61,1,Regular Customers
13289.0,359,1,307.95,2,At-Risk Customers
13290.0,74,1,208.63,1,Regular Customers
13291.0,50,10,2909.68,0,Loyal High-Value Customers
13292.0,51,3,415.57,1,Regular Customers
13293.0,28,6,1192.94,1,Regular Customers
13294.0,282,1,815.79,2,At-Risk Customers
13295.0,12,3,900.77,1,Regular Customers
13296.0,59,5,705.11,1,Regular Customers
13297.0,21,3,2278.77,1,Regular Customers
13299.0,59,2,1076.2,1,Regular Customers
13300.0,24,2,913.62,1,Regular Customers
13302.0,162,1,95.45,2,At-Risk Customers
13303.0,36,1,61.72,1,Regular Customers
13304.0,91,3,917.57,1,Regular Customers
13305.0,8,7,1751.75,1,Regular Customers
13306.0,66,1,53.65,1,Regular Customers
13307.0,123,2,258.34,1,Regular Customers
13308.0,232,1,284.86,2,At-Risk Customers
13309.0,28,1,249.58,1,Regular Customers
13310.0,16,2,409.17,1,Regular Customers
13312.0,87,1,124.75,1,Regular Customers
13313.0,115,7,1890.0,1,Regular Customers
13315.0,325,1,310.26000000000005,2,At-Risk Customers
13316.0,28,6,7207.89,0,Loyal High-Value Customers
13317.0,21,13,4212.411,0,Loyal High-Value Customers
13319.0,1,31,11236.95,3,VIP Customers
13320.0,70,2,679.4,1,Regular Customers
13324.0,64,8,3391.52,0,Loyal High-Value Customers
13326.0,68,1,281.76,1,Regular Customers
13327.0,1,14,6251.71,0,Loyal High-Value Customers
13329.0,2,7,4323.97,0,Loyal High-Value Customers
13330.0,91,3,1655.17,1,Regular Customers
13331.0,37,1,262.4,1,Regular Customers
13333.0,47,3,1015.74,1,Regular Customers
13334.0,172,2,2699.48,2,At-Risk Customers
13337.0,182,1,1575.26,2,At-Risk Customers
13338.0,177,3,1958.6,2,At-Risk Customers
13340.0,53,5,11364.08,0,Loyal High-Value Customers
13346.0,98,6,299.4,1,Regular Customers
13357.0,130,4,3196.11,1,Regular Customers
13359.0,39,1,603.75,1,Regular Customers
13360.0,67,4,1553.65,1,Regular Customers
13361.0,108,2,1450.5,1,Regular Customers
13362.0,14,3,2303.33,1,Regular Customers
13363.0,45,1,731.36,1,Regular Customers
13367.0,67,1,510.2,1,Regular Customers
13368.0,50,2,498.1,1,Regular Customers
13369.0,1,1,308.28000000000003,1,Regular Customers
13370.0,7,1,754.87,1,Regular Customers
13371.0,141,2,2297.66,1,Regular Customers
13373.0,51,3,4274.94,1,Regular Customers
13374.0,50,2,422.8,1,Regular Customers
13375.0,80,1,1013.58,1,Regular Customers
13377.0,32,2,1552.88,1,Regular Customers
13380.0,68,1,62.4,1,Regular Customers
13381.0,15,6,4585.06,0,Loyal High-Value Customers
13382.0,64,4,1164.5900000000001,1,Regular Customers
13383.0,179,1,305.28000000000003,2,At-Risk Customers
13384.0,26,4,2528.9,1,Regular Customers
13386.0,50,2,835.46,1,Regular Customers
13387.0,53,1,186.94,1,Regular Customers
13388.0,239,1,508.55,2,At-Risk Customers
13392.0,313,1,91.14,2,At-Risk Customers
13393.0,219,4,1131.45,2,At-Risk Customers
13394.0,15,11,4101.68,0,Loyal High-Value Customers
13395.0,36,2,872.51,1,Regular Customers
13397.0,73,5,1647.74,1,Regular Customers
13398.0,84,1,213.0,1,Regular Customers
13399.0,100,3,275.4,1,Regular Customers
13400.0,218,1,310.83,2,At-Risk Customers
13402.0,8,3,913.9,1,Regular Customers
13403.0,23,2,154.5,1,Regular Customers
13405.0,117,3,641.36,1,Regular Customers
13406.0,63,2,568.92,1,Regular Customers
13407.0,214,3,2244.7,2,At-Risk Customers
13408.0,7,31,20004.390600000017,3,VIP Customers
13410.0,29,4,1198.9,1,Regular Customers
13412.0,256,1,487.35,2,At-Risk Customers
13413.0,275,6,429.44,2,At-Risk Customers
13414.0,99,3,1103.64,1,Regular Customers
13415.0,108,4,784.17,1,Regular Customers
13416.0,368,1,228.3,2,At-Risk Customers
13417.0,183,4,1028.66,2,At-Risk Customers
13418.0,8,15,6055.47,0,Loyal High-Value Customers
13421.0,42,6,2225.04,1,Regular Customers
13423.0,64,1,217.03,1,Regular Customers
13424.0,85,1,572.77,1,Regular Customers
13425.0,144,2,1766.22,2,At-Risk Customers
13426.0,18,12,4526.06,0,Loyal High-Value Customers
13427.0,113,3,423.93,1,Regular Customers
13428.0,150,2,276.76,2,At-Risk Customers
13431.0,42,6,2047.14,1,Regular Customers
13432.0,207,2,439.1,2,At-Risk Customers
13433.0,137,4,658.32,1,Regular Customers
13434.0,21,3,1132.6200000000001,1,Regular Customers
13435.0,12,2,637.44,1,Regular Customers
13438.0,183,1,46.5,2,At-Risk Customers
13439.0,24,2,702.9,1,Regular Customers
13440.0,59,7,1295.25,1,Regular Customers
13441.0,67,1,424.26,1,Regular Customers
13442.0,303,3,419.87,2,At-Risk Customers
13443.0,84,6,1273.16,1,Regular Customers
13444.0,10,2,619.08,1,Regular Customers
13445.0,262,1,241.89999999999998,2,At-Risk Customers
13446.0,66,11,3881.89,0,Loyal High-Value Customers
13448.0,9,9,5655.2,0,Loyal High-Value Customers
13450.0,10,7,2076.32,1,Regular Customers
13451.0,17,6,4191.8,1,Regular Customers
13452.0,108,1,139.8,1,Regular Customers
13453.0,38,1,424.71,1,Regular Customers
13454.0,277,1,219.87,2,At-Risk Customers
13455.0,2,5,1847.5900000000001,1,Regular Customers
13457.0,324,2,148.22,2,At-Risk Customers
13458.0,15,2,2312.7000000000003,1,Regular Customers
13459.0,260,2,1160.41,2,At-Risk Customers
13461.0,43,3,2715.0,1,Regular Customers
13462.0,46,4,1002.35,1,Regular Customers
13464.0,30,5,2422.96,1,Regular Customers
13465.0,82,2,931.12,1,Regular Customers
13466.0,44,4,705.45,1,Regular Customers
13468.0,4,31,7670.54,3,VIP Customers
13469.0,289,1,82.4,2,At-Risk Customers
13472.0,99,2,592.24,1,Regular Customers
13473.0,210,6,2235.12,2,At-Risk Customers
13474.0,79,2,419.75,1,Regular Customers
13476.0,42,3,823.0,1,Regular Customers
13477.0,91,5,1364.5900000000001,1,Regular Customers
13478.0,105,5,2215.78,1,Regular Customers
13479.0,88,2,550.42,1,Regular Customers
13480.0,52,2,627.82,1,Regular Customers
13481.0,10,6,2026.28,1,Regular Customers
13482.0,263,1,151.45,2,At-Risk Customers
13484.0,19,2,476.92,1,Regular Customers
13485.0,12,10,2564.98,0,Loyal High-Value Customers
13487.0,141,2,271.47,2,At-Risk Customers
13488.0,3,11,6619.57,0,Loyal High-Value Customers
13490.0,290,1,154.25,2,At-Risk Customers
13491.0,8,18,3350.7400000000002,0,Loyal High-Value Customers
13495.0,4,6,3329.39,1,Regular Customers
13497.0,4,5,972.2800000000001,1,Regular Customers
13498.0,366,1,327.38,2,At-Risk Customers
13500.0,37,1,299.53,1,Regular Customers
13501.0,122,2,1544.79,1,Regular Customers
13502.0,51,2,488.5,1,Regular Customers
13503.0,115,5,1642.39,1,Regular Customers
13506.0,5,4,1180.68,1,Regular Customers
13508.0,278,1,176.07999999999998,2,At-Risk Customers
13509.0,143,1,135.0,2,At-Risk Customers
13510.0,11,7,2766.73,1,Regular Customers
13511.0,312,1,282.76,2,At-Risk Customers
13512.0,23,3,462.18,1,Regular Customers
13513.0,77,2,619.49,1,Regular Customers
13514.0,64,3,663.7,1,Regular Customers
13515.0,85,2,374.7,1,Regular Customers
13516.0,53,1,295.85,1,Regular Customers
13519.0,78,1,220.46,1,Regular Customers
13520.0,7,6,3285.05,1,Regular Customers
13523.0,2,2,1136.64,1,Regular Customers
13526.0,368,2,1182.0,2,At-Risk Customers
13527.0,54,5,2298.93,1,Regular Customers
13530.0,270,1,402.98,2,At-Risk Customers
13531.0,2,5,1254.72,1,Regular Customers
13534.0,15,10,1850.82,0,Loyal High-Value Customers
13535.0,38,1,89.5,1,Regular Customers
13537.0,61,2,717.85,1,Regular Customers
13538.0,32,5,1822.28,1,Regular Customers
13539.0,56,4,938.02,1,Regular Customers
13540.0,103,3,632.39,1,Regular Customers
13541.0,63,2,785.25,1,Regular Customers
13542.0,12,17,3959.4900000000002,0,Loyal High-Value Customers
13543.0,270,2,1439.61,2,At-Risk Customers
13544.0,47,4,514.14,1,Regular Customers
13545.0,26,2,364.93,1,Regular Customers
13546.0,18,2,465.15,1,Regular Customers
13547.0,44,1,167.08,1,Regular Customers
13548.0,107,1,223.28,1,Regular Customers
13549.0,23,1,87.6,1,Regular Customers
13550.0,19,1,342.55,1,Regular Customers
13551.0,302,1,152.39999999999998,2,At-Risk Customers
13552.0,64,10,3208.85,0,Loyal High-Value Customers
13553.0,310,1,499.6,2,At-Risk Customers
13554.0,16,7,1629.35,1,Regular Customers
13555.0,14,9,4792.96,0,Loyal High-Value Customers
13556.0,65,2,200.82,1,Regular Customers
13557.0,51,11,2448.2,0,Loyal High-Value Customers
13559.0,148,2,990.0,2,At-Risk Customers
13561.0,33,10,1661.54,1,Regular Customers
13562.0,37,5,3038.85,1,Regular Customers
13564.0,4,31,15310.35,3,VIP Customers
13565.0,47,1,174.57999999999998,1,Regular Customers
13566.0,70,3,831.76,1,Regular Customers
13567.0,64,4,1079.29,1,Regular Customers
13569.0,3,3,497.74,1,Regular Customers
13571.0,18,14,2448.32,0,Loyal High-Value Customers
13573.0,15,4,614.27,1,Regular Customers
13574.0,47,1,404.45,1,Regular Customers
13576.0,9,11,4834.4,0,Loyal High-Value Customers
13577.0,18,7,1801.68,1,Regular Customers
13578.0,45,1,147.66,1,Regular Customers
13579.0,5,4,1072.0,1,Regular Customers
13580.0,42,1,107.75,1,Regular Customers
13581.0,50,1,162.53,1,Regular Customers
13582.0,25,2,241.68,1,Regular Customers
13583.0,315,1,664.001,2,At-Risk Customers
13584.0,134,2,243.3,1,Regular Customers
13585.0,166,3,684.54,2,At-Risk Customers
13586.0,177,1,127.28,2,At-Risk Customers
13587.0,85,3,961.1,1,Regular Customers
13589.0,85,4,741.09,1,Regular Customers
13590.0,11,12,4354.12,0,Loyal High-Value Customers
13591.0,71,4,976.81,1,Regular Customers
13593.0,23,9,3481.4100000000003,0,Loyal High-Value Customers
13594.0,121,1,136.35000000000002,1,Regular Customers
13595.0,152,3,784.48,2,At-Risk Customers
13597.0,36,2,396.71,1,Regular Customers
13598.0,131,4,601.92,1,Regular Customers
13599.0,2,14,5013.96,0,Loyal High-Value Customers
13600.0,270,1,298.9,2,At-Risk Customers
13601.0,28,2,466.67,1,Regular Customers
13602.0,17,3,596.28,1,Regular Customers
13604.0,294,1,717.62,2,At-Risk Customers
13605.0,23,2,522.67,1,Regular Customers
13607.0,38,1,400.3,1,Regular Customers
13608.0,176,1,232.05,2,At-Risk Customers
13609.0,229,1,167.35,2,At-Risk Customers
13610.0,23,7,1021.38,1,Regular Customers
13611.0,10,7,2143.53,1,Regular Customers
13612.0,268,1,818.29,2,At-Risk Customers
13613.0,88,5,1039.8500000000001,1,Regular Customers
13614.0,29,2,747.28,1,Regular Customers
13615.0,35,7,5854.84,0,Loyal High-Value Customers
13616.0,204,2,283.85,2,At-Risk Customers
13617.0,44,5,734.57,1,Regular Customers
13619.0,180,2,224.94,2,At-Risk Customers
13620.0,164,1,112.34,2,At-Risk Customers
13622.0,332,1,658.95,2,At-Risk Customers
13623.0,16,5,1805.32,1,Regular Customers
13624.0,24,1,462.08,1,Regular Customers
13625.0,232,1,301.26,2,At-Risk Customers
13626.0,15,1,449.81,1,Regular Customers
13627.0,124,2,607.43,1,Regular Customers
13628.0,312,1,310.14,2,At-Risk Customers
13629.0,49,8,5578.5,0,Loyal High-Value Customers
13632.0,30,3,1526.88,1,Regular Customers
13634.0,10,11,3486.41,0,Loyal High-Value Customers
13635.0,78,3,1928.13,1,Regular Customers
13639.0,72,1,312.93,1,Regular Customers
13640.0,247,1,405.0,2,At-Risk Customers
13641.0,276,5,1016.47,2,At-Risk Customers
13642.0,68,3,159.92,1,Regular Customers
13643.0,18,7,1637.33,1,Regular Customers
13646.0,35,2,326.25,1,Regular Customers
13647.0,130,4,1393.56,1,Regular Customers
13648.0,36,8,1764.02,1,Regular Customers
13649.0,2,5,1304.88,1,Regular Customers
13650.0,10,4,1451.66,1,Regular Customers
13651.0,17,1,132.65,1,Regular Customers
13652.0,4,3,1475.77,1,Regular Customers
13653.0,123,1,152.2,1,Regular Customers
13654.0,16,5,3600.67,1,Regular Customers
13655.0,10,4,1347.54,1,Regular Customers
13656.0,135,2,699.2,1,Regular Customers
13658.0,19,4,3386.33,1,Regular Customers
13659.0,52,10,3321.68,0,Loyal High-Value Customers
13660.0,36,1,306.64,1,Regular Customers
13661.0,239,1,325.24,2,At-Risk Customers
13662.0,21,8,1352.35,1,Regular Customers
13663.0,16,4,1858.04,1,Regular Customers
13665.0,22,3,1711.66,1,Regular Customers
13666.0,56,2,43.25,1,Regular Customers
13668.0,19,14,6638.650000000001,0,Loyal High-Value Customers
13669.0,43,1,195.0,1,Regular Customers
13671.0,30,1,172.6,1,Regular Customers
13672.0,366,1,233.53,2,At-Risk Customers
13674.0,68,1,240.68,1,Regular Customers
13676.0,175,2,243.9,2,At-Risk Customers
13677.0,40,2,551.24,1,Regular Customers
13679.0,129,3,281.26,1,Regular Customers
13680.0,107,8,7700.55,0,Loyal High-Value Customers
13683.0,93,1,258.6,1,Regular Customers
13684.0,26,3,529.75,1,Regular Customers
13686.0,16,2,337.04,1,Regular Customers
13687.0,74,1,11880.84,0,Loyal High-Value Customers
13688.0,271,1,375.5,2,At-Risk Customers
13689.0,80,1,349.5,1,Regular Customers
13691.0,32,1,212.78,1,Regular Customers
13692.0,44,2,1626.08,1,Regular Customers
13693.0,10,9,2011.8200000000002,1,Regular Customers
13694.0,9,31,20004.390600000017,3,VIP Customers
13695.0,213,1,266.6,2,At-Risk Customers
13696.0,57,3,2020.4,1,Regular Customers
13698.0,232,2,451.73,2,At-Risk Customers
13699.0,186,1,455.57,2,At-Risk Customers
13700.0,53,3,348.34,1,Regular Customers
13701.0,82,1,161.0,1,Regular Customers
13702.0,81,1,135.18,1,Regular Customers
13703.0,51,1,326.06,1,Regular Customers
13705.0,9,5,1323.47,1,Regular Customers
13706.0,262,1,300.38,2,At-Risk Customers
13707.0,65,3,2559.45,1,Regular Customers
13709.0,82,5,1263.7,1,Regular Customers
13710.0,59,2,329.04,1,Regular Customers
13711.0,42,7,1540.2,1,Regular Customers
13712.0,246,1,537.58,2,At-Risk Customers
13713.0,44,3,740.76,1,Regular Customers
13714.0,101,1,161.35,1,Regular Customers
13715.0,8,13,7348.3,0,Loyal High-Value Customers
13717.0,93,2,318.29,1,Regular Customers
13719.0,29,6,1741.4,1,Regular Customers
13721.0,31,1,217.39999999999998,1,Regular Customers
13722.0,56,7,3260.0,1,Regular Customers
13723.0,28,5,994.23,1,Regular Customers
13724.0,273,1,213.01,2,At-Risk Customers
13727.0,247,6,740.6700000000001,2,At-Risk Customers
13728.0,23,10,1839.03,0,Loyal High-Value Customers
13729.0,71,3,724.73,1,Regular Customers
13733.0,46,2,487.03000000000003,1,Regular Customers
13734.0,144,4,6695.6900000000005,0,Loyal High-Value Customers
13735.0,12,9,6879.2300000000005,0,Loyal High-Value Customers
13736.0,61,5,2022.67,1,Regular Customers
13738.0,32,1,434.78000000000003,1,Regular Customers
13739.0,163,1,75.3,2,At-Risk Customers
13740.0,51,4,1232.02,1,Regular Customers
13745.0,182,1,477.32,2,At-Risk Customers
13746.0,49,1,176.69,1,Regular Customers
13747.0,9,2,169.8,1,Regular Customers
13748.0,9,5,1320.1,1,Regular Customers
13750.0,16,6,1954.92,1,Regular Customers
13752.0,163,1,404.45000000000005,2,At-Risk Customers
13753.0,234,3,1353.31,2,At-Risk Customers
13754.0,73,1,164.45,1,Regular Customers
13756.0,3,10,3999.2300000000005,0,Loyal High-Value Customers
13757.0,310,1,195.55,2,At-Risk Customers
13758.0,2,10,6226.43,0,Loyal High-Value Customers
13760.0,40,3,1076.85,1,Regular Customers
13761.0,138,4,881.52,1,Regular Customers
13762.0,229,4,2165.76,2,At-Risk Customers
13763.0,53,2,3502.48,1,Regular Customers
13764.0,205,3,1400.2,2,At-Risk Customers
13765.0,289,1,352.821,2,At-Risk Customers
13766.0,131,1,190.35,1,Regular Customers
13767.0,5,31,18320.170000000002,3,VIP Customers
13768.0,362,2,875.97,2,At-Risk Customers
13769.0,3,11,3003.9100000000003,0,Loyal High-Value Customers
13770.0,58,4,785.37,1,Regular Customers
13771.0,169,5,3094.37,2,At-Risk Customers
13772.0,36,5,1977.39,1,Regular Customers
13773.0,32,2,301.54,1,Regular Customers
13775.0,226,1,1049.66,2,At-Risk Customers
13776.0,64,2,623.98,1,Regular Customers
13777.0,2,31,20004.390600000017,3,VIP Customers
13778.0,127,3,945.79,1,Regular Customers
13779.0,151,1,161.13,2,At-Risk Customers
13780.0,43,1,372.06,1,Regular Customers
13781.0,228,2,650.99,2,At-Risk Customers
13782.0,89,7,877.22,1,Regular Customers
13783.0,123,4,1542.09,1,Regular Customers
13784.0,70,3,447.44,1,Regular Customers
13785.0,64,4,542.49,1,Regular Customers
13786.0,3,6,3127.9900000000002,1,Regular Customers
13787.0,94,4,913.46,1,Regular Customers
13788.0,141,1,40.586400000000005,2,At-Risk Customers
13789.0,24,1,239.46,1,Regular Customers
13792.0,58,1,188.4,1,Regular Customers
13793.0,282,1,96.0,2,At-Risk Customers
13794.0,182,1,126.03,2,At-Risk Customers
13795.0,24,4,836.3,1,Regular Customers
13796.0,135,1,289.7,1,Regular Customers
13797.0,72,3,1179.45,1,Regular Customers
13798.0,8,31,20004.390600000017,3,VIP Customers
13799.0,80,7,2114.71,1,Regular Customers
13800.0,66,2,1121.24,1,Regular Customers
13802.0,10,16,20004.390600000017,0,Loyal High-Value Customers
13803.0,67,2,1061.84,1,Regular Customers
13804.0,71,2,572.73,1,Regular Customers
13807.0,3,3,422.2,1,Regular Customers
13809.0,30,2,524.65,1,Regular Customers
13813.0,163,4,1398.6100000000001,2,At-Risk Customers
13814.0,163,1,678.2,2,At-Risk Customers
13815.0,42,4,3448.38,1,Regular Customers
13818.0,65,1,61.28,1,Regular Customers
13819.0,305,3,1502.0,2,At-Risk Customers
13820.0,54,3,652.75,1,Regular Customers
13821.0,29,4,993.44,1,Regular Customers
13823.0,16,5,2445.79,1,Regular Customers
13824.0,15,7,1615.82,1,Regular Customers
13825.0,257,2,255.59,2,At-Risk Customers
13829.0,57,1,102.0,1,Regular Customers
13830.0,217,1,156.85000000000002,2,At-Risk Customers
13831.0,5,13,4795.09,0,Loyal High-Value Customers
13832.0,58,1,557.69,1,Regular Customers
13833.0,40,1,316.56,1,Regular Customers
13834.0,212,2,324.19,2,At-Risk Customers
13835.0,155,3,260.7,2,At-Risk Customers
13836.0,35,2,620.37,1,Regular Customers
13838.0,5,7,1245.91,1,Regular Customers
13839.0,122,1,139.95000000000002,1,Regular Customers
13840.0,52,1,651.4,1,Regular Customers
13842.0,2,10,2244.29,0,Loyal High-Value Customers
13843.0,17,1,319.75,1,Regular Customers
13846.0,35,1,442.73,1,Regular Customers
13847.0,355,1,310.72,2,At-Risk Customers
13848.0,2,6,2080.0,1,Regular Customers
13849.0,33,3,1931.35,1,Regular Customers
13851.0,15,5,1955.0,1,Regular Customers
13852.0,246,1,187.35000000000002,2,At-Risk Customers
13854.0,1,15,4144.44,0,Loyal High-Value Customers
13855.0,136,4,1310.3400000000001,1,Regular Customers
13856.0,99,8,753.53,1,Regular Customers
13857.0,29,6,1001.01,1,Regular Customers
13859.0,165,1,314.7,2,At-Risk Customers
13861.0,65,2,273.26,1,Regular Customers
13862.0,25,1,346.73,1,Regular Customers
13863.0,101,3,933.77,1,Regular Customers
13864.0,22,1,662.4000000000001,1,Regular Customers
13869.0,17,6,4913.22,0,Loyal High-Value Customers
13870.0,23,7,2941.14,1,Regular Customers
13871.0,64,4,1482.6000000000001,1,Regular Customers
13872.0,163,3,919.57,2,At-Risk Customers
13873.0,19,5,649.32,1,Regular Customers
13874.0,140,6,1508.7,1,Regular Customers
13875.0,23,9,3027.58,0,Loyal High-Value Customers
13877.0,106,2,332.44,1,Regular Customers
13878.0,183,3,1145.33,2,At-Risk Customers
13879.0,281,1,395.5,2,At-Risk Customers
13880.0,3,5,1171.89,1,Regular Customers
13881.0,11,23,20004.390600000017,3,VIP Customers
13883.0,39,10,3885.54,0,Loyal High-Value Customers
13884.0,12,5,1037.43,1,Regular Customers
13888.0,40,5,1405.92,1,Regular Customers
13889.0,18,5,1574.3300000000002,1,Regular Customers
13890.0,10,4,1043.57,1,Regular Customers
13891.0,14,3,859.21,1,Regular Customers
13892.0,113,2,634.68,1,Regular Customers
13895.0,151,2,1415.45,2,At-Risk Customers
13896.0,261,1,388.55,2,At-Risk Customers
13897.0,74,2,849.5600000000001,1,Regular Customers
13898.0,47,1,530.47,1,Regular Customers
13900.0,25,3,869.64,1,Regular Customers
13901.0,10,10,2809.14,0,Loyal High-Value Customers
13902.0,268,5,20004.390600000017,0,Loyal High-Value Customers
13903.0,36,1,165.45000000000002,1,Regular Customers
13905.0,368,1,312.65,2,At-Risk Customers
13906.0,45,1,42.0,1,Regular Customers
13907.0,327,1,136.8,2,At-Risk Customers
13909.0,59,2,282.85,1,Regular Customers
13911.0,15,11,1654.08,0,Loyal High-Value Customers
13912.0,59,1,124.95,1,Regular Customers
13913.0,142,1,42.22,2,At-Risk Customers
13915.0,30,1,70.80000000000001,1,Regular Customers
13916.0,99,4,1275.81,1,Regular Customers
13919.0,60,2,975.87,1,Regular Customers
13920.0,67,4,1774.68,1,Regular Customers
13921.0,38,4,730.7,1,Regular Customers
13922.0,73,2,692.95,1,Regular Customers
13927.0,73,1,359.27,1,Regular Customers
13929.0,52,9,2651.45,0,Loyal High-Value Customers
13931.0,28,9,4019.85,0,Loyal High-Value Customers
13935.0,232,3,6116.92,2,At-Risk Customers
13936.0,18,2,563.08,1,Regular Customers
13937.0,38,1,721.28,1,Regular Customers
13939.0,67,4,992.41,1,Regular Customers
13941.0,8,11,6009.34,0,Loyal High-Value Customers
13942.0,170,1,320.0,2,At-Risk Customers
13943.0,213,1,246.54000000000002,2,At-Risk Customers
13944.0,289,1,200.43,2,At-Risk Customers
13945.0,30,2,854.1500000000001,1,Regular Customers
13946.0,12,3,1314.66,1,Regular Customers
13948.0,47,3,446.76,1,Regular Customers
13952.0,16,12,9572.45,0,Loyal High-Value Customers
13953.0,45,5,3125.0,1,Regular Customers
13955.0,11,1,221.10999999999999,1,Regular Customers
13957.0,53,3,458.25,1,Regular Customers
13958.0,15,8,4709.2300000000005,0,Loyal High-Value Customers
13959.0,35,3,470.73,1,Regular Customers
13961.0,28,1,538.4,1,Regular Customers
13962.0,71,1,193.25,1,Regular Customers
13963.0,3,14,2347.33,0,Loyal High-Value Customers
13964.0,23,2,438.9,1,Regular Customers
13965.0,112,3,996.61,1,Regular Customers
13966.0,71,1,384.26,1,Regular Customers
13967.0,32,1,85.6,1,Regular Customers
13968.0,59,1,123.66,1,Regular Customers
13969.0,1,18,4266.88,0,Loyal High-Value Customers
13970.0,22,2,846.55,1,Regular Customers
13971.0,59,6,1909.31,1,Regular Customers
13974.0,218,1,264.13,2,At-Risk Customers
13975.0,29,6,2795.16,1,Regular Customers
13976.0,142,3,834.38,1,Regular Customers
13977.0,47,1,519.8100000000001,1,Regular Customers
13979.0,29,6,2510.06,1,Regular Customers
13980.0,75,4,568.68,1,Regular Customers
13981.0,51,1,331.14,1,Regular Customers
13982.0,1,6,2511.08,1,Regular Customers
13983.0,2,10,4479.82,0,Loyal High-Value Customers
13984.0,2,8,1128.09,1,Regular Customers
13985.0,10,7,2960.73,1,Regular Customers
13987.0,15,2,682.54,1,Regular Customers
13988.0,19,2,609.84,1,Regular Customers
13989.0,100,3,759.98,1,Regular Customers
13992.0,16,2,142.7,1,Regular Customers
13993.0,15,10,3309.35,0,Loyal High-Value Customers
13995.0,15,9,2508.32,0,Loyal High-Value Customers
13996.0,22,2,895.76,1,Regular Customers
13997.0,155,3,376.46,2,At-Risk Customers
13998.0,82,3,566.7,1,Regular Customers
13999.0,10,17,5600.45,0,Loyal High-Value Customers
14000.0,50,4,1410.68,1,Regular Customers
14001.0,9,7,2487.01,1,Regular Customers
14003.0,368,1,209.41,2,At-Risk Customers
14004.0,29,4,1675.81,1,Regular Customers
14006.0,164,4,1234.48,2,At-Risk Customers
14007.0,148,1,79.48,2,At-Risk Customers
14008.0,68,1,509.04,1,Regular Customers
14009.0,98,1,404.29999999999995,1,Regular Customers
14010.0,201,2,445.15,2,At-Risk Customers
14011.0,116,2,457.82,1,Regular Customers
14013.0,16,2,611.55,1,Regular Customers
14014.0,12,2,1443.03,1,Regular Customers
14016.0,32,7,7062.2,0,Loyal High-Value Customers
14017.0,207,1,229.75,2,At-Risk Customers
14018.0,281,1,367.15,2,At-Risk Customers
14020.0,112,2,606.21,1,Regular Customers
14021.0,10,4,1084.68,1,Regular Customers
14022.0,122,1,352.15000000000003,1,Regular Customers
14024.0,26,1,318.04,1,Regular Customers
14025.0,100,8,4057.9,0,Loyal High-Value Customers
14026.0,106,2,713.11,1,Regular Customers
14028.0,186,3,10396.5,2,At-Risk Customers
14030.0,2,14,5839.46,0,Loyal High-Value Customers
14031.0,1,27,20004.390600000017,3,VIP Customers
14032.0,2,6,1874.68,1,Regular Customers
14033.0,191,1,109.44,2,At-Risk Customers
14035.0,42,4,1366.73,1,Regular Customers
14037.0,114,4,689.75,1,Regular Customers
14038.0,33,2,1509.5,1,Regular Customers
14039.0,211,1,115.08000000000001,2,At-Risk Customers
14040.0,22,23,8963.49,0,Loyal High-Value Customers
14042.0,361,1,431.98,2,At-Risk Customers
14043.0,127,2,302.59999999999997,1,Regular Customers
14044.0,54,6,2431.28,1,Regular Customers
14045.0,9,13,9653.28,0,Loyal High-Value Customers
14047.0,8,10,2946.42,0,Loyal High-Value Customers
14048.0,18,2,338.76,1,Regular Customers
14049.0,23,9,7444.68,0,Loyal High-Value Customers
14051.0,2,15,6784.01,0,Loyal High-Value Customers
14052.0,26,1,241.3,1,Regular Customers
14053.0,33,2,312.05,1,Regular Customers
14055.0,213,2,795.3199999999999,2,At-Risk Customers
14057.0,17,5,2135.0,1,Regular Customers
14058.0,98,2,469.19,1,Regular Customers
14060.0,2,13,3378.66,0,Loyal High-Value Customers
14061.0,143,3,917.4300000000001,2,At-Risk Customers
14062.0,10,12,15120.800000000001,0,Loyal High-Value Customers
14063.0,74,9,20004.390600000017,0,Loyal High-Value Customers
14064.0,66,10,1925.9,1,Regular Customers
14065.0,25,3,891.02,1,Regular Customers
14068.0,239,3,1250.8700000000001,2,At-Risk Customers
14069.0,150,2,225.81,2,At-Risk Customers
14070.0,320,1,321.6,2,At-Risk Customers
14072.0,302,1,390.85,2,At-Risk Customers
14074.0,259,1,219.4,2,At-Risk Customers
14075.0,39,3,792.61,1,Regular Customers
14077.0,31,1,115.66,1,Regular Customers
14078.0,9,4,640.34,1,Regular Customers
14079.0,318,1,243.63,2,At-Risk Customers
14080.0,49,4,1070.08,1,Regular Customers
14081.0,5,9,4369.47,0,Loyal High-Value Customers
14082.0,28,1,231.10999999999999,1,Regular Customers
14083.0,7,3,373.3,1,Regular Customers
14084.0,148,1,150.5,2,At-Risk Customers
14085.0,4,16,5607.43,0,Loyal High-Value Customers
14086.0,98,1,40.586400000000005,1,Regular Customers
14087.0,40,2,638.0,1,Regular Customers
14088.0,42,3,13544.99,0,Loyal High-Value Customers
14091.0,290,2,9530.08,2,At-Risk Customers
14092.0,10,10,3152.54,0,Loyal High-Value Customers
14094.0,75,1,311.77,1,Regular Customers
14095.0,358,1,40.586400000000005,2,At-Risk Customers
14097.0,117,2,422.86,1,Regular Customers
14099.0,11,9,2646.7400000000002,0,Loyal High-Value Customers
14101.0,24,7,3985.14,0,Loyal High-Value Customers
14104.0,25,3,527.3199999999999,1,Regular Customers
14105.0,44,4,4722.6,1,Regular Customers
14106.0,368,1,214.8,2,At-Risk Customers
14107.0,84,4,2174.07,1,Regular Customers
14108.0,367,2,447.05,2,At-Risk Customers
14110.0,71,21,7304.8,0,Loyal High-Value Customers
14112.0,87,6,2919.44,1,Regular Customers
14113.0,11,12,5252.1900000000005,0,Loyal High-Value Customers
14114.0,31,5,977.5600000000001,1,Regular Customers
14115.0,137,2,622.67,1,Regular Customers
14118.0,64,1,458.45,1,Regular Customers
14119.0,11,2,183.37,1,Regular Customers
14122.0,42,3,362.42,1,Regular Customers
14123.0,368,1,436.18,2,At-Risk Customers
14126.0,80,1,466.33000000000004,1,Regular Customers
14127.0,16,3,1190.3700000000001,1,Regular Customers
14128.0,187,1,286.71,2,At-Risk Customers
14129.0,35,4,1467.48,1,Regular Customers
14130.0,11,3,1377.86,1,Regular Customers
14131.0,284,1,168.22,2,At-Risk Customers
14133.0,368,1,305.5,2,At-Risk Customers
14134.0,18,15,11123.35,0,Loyal High-Value Customers
14135.0,3,11,4953.61,0,Loyal High-Value Customers
14136.0,36,5,1570.81,1,Regular Customers
14137.0,331,1,332.7,2,At-Risk Customers
14139.0,126,3,670.98,1,Regular Customers
14142.0,9,2,671.34,1,Regular Customers
14144.0,122,1,40.586400000000005,1,Regular Customers
14145.0,95,3,3857.85,1,Regular Customers
14146.0,19,7,5259.3,0,Loyal High-Value Customers
14147.0,24,7,2106.8,1,Regular Customers
14148.0,50,1,309.09000000000003,1,Regular Customers
14151.0,309,2,679.45,2,At-Risk Customers
14152.0,23,5,1376.05,1,Regular Customers
14153.0,119,1,233.39999999999998,1,Regular Customers
14154.0,17,6,5115.08,0,Loyal High-Value Customers
14156.0,7,31,20004.390600000017,3,VIP Customers
14157.0,25,3,553.8000000000001,1,Regular Customers
14159.0,15,9,3230.45,0,Loyal High-Value Customers
14160.0,246,7,8421.47,2,At-Risk Customers
14161.0,5,5,2182.46,1,Regular Customers
14163.0,98,1,148.71,1,Regular Customers
14166.0,141,2,251.15,2,At-Risk Customers
14167.0,100,4,711.7,1,Regular Customers
14168.0,56,2,370.45,1,Regular Customers
14169.0,66,2,621.51,1,Regular Customers
14170.0,11,3,570.18,1,Regular Customers
14171.0,366,1,135.0,2,At-Risk Customers
14172.0,241,3,369.02,2,At-Risk Customers
14173.0,277,2,135.16,2,At-Risk Customers
14175.0,54,5,4456.58,1,Regular Customers
14176.0,3,2,339.11,1,Regular Customers
14177.0,17,9,1660.23,1,Regular Customers
14180.0,8,9,1570.73,1,Regular Customers
14181.0,46,2,308.35,1,Regular Customers
14182.0,79,4,678.77,1,Regular Customers
14183.0,47,2,278.34000000000003,1,Regular Customers
14186.0,63,5,1550.63,1,Regular Customers
14187.0,109,1,123.5,1,Regular Customers
14189.0,4,2,1160.31,1,Regular Customers
14190.0,302,1,79.9,2,At-Risk Customers
14191.0,30,2,132.9,1,Regular Customers
14192.0,24,1,293.74,1,Regular Customers
14193.0,32,1,356.8,1,Regular Customers
14194.0,28,15,7321.070000000001,0,Loyal High-Value Customers
14195.0,75,4,1603.6,1,Regular Customers
14197.0,46,1,390.05,1,Regular Customers
14198.0,36,5,868.33,1,Regular Customers
14199.0,59,3,906.3,1,Regular Customers
14200.0,253,1,379.2,2,At-Risk Customers
14201.0,45,3,446.1,1,Regular Customers
14202.0,17,3,847.76,1,Regular Customers
14203.0,33,1,339.34,1,Regular Customers
14204.0,58,3,874.22,1,Regular Customers
14205.0,30,7,1947.5,1,Regular Customers
14206.0,24,2,856.85,1,Regular Customers
14207.0,323,1,157.8,2,At-Risk Customers
14208.0,187,1,415.31,2,At-Risk Customers
14209.0,21,9,2919.84,0,Loyal High-Value Customers
14210.0,7,11,3955.6800000000003,0,Loyal High-Value Customers
14211.0,47,9,2161.19,1,Regular Customers
14212.0,81,1,1119.66,1,Regular Customers
14213.0,40,1,1192.2,1,Regular Customers
14215.0,4,4,1626.6100000000001,1,Regular Customers
14216.0,50,1,310.74,1,Regular Customers
14217.0,2,7,1411.91,1,Regular Customers
14219.0,45,2,543.89,1,Regular Customers
14220.0,203,2,882.5999999999999,2,At-Risk Customers
14221.0,85,8,3084.69,1,Regular Customers
14224.0,26,5,831.98,1,Regular Customers
14225.0,70,4,2031.07,1,Regular Customers
14226.0,77,1,770.34,1,Regular Customers
14227.0,50,5,3017.75,1,Regular Customers
14228.0,73,3,745.5,1,Regular Customers
14229.0,39,4,1046.84,1,Regular Customers
14230.0,71,3,979.8000000000001,1,Regular Customers
14231.0,86,1,309.91,1,Regular Customers
14233.0,101,3,1441.55,1,Regular Customers
14235.0,134,4,1573.13,1,Regular Customers
14236.0,8,4,1253.78,1,Regular Customers
14237.0,9,2,471.14,1,Regular Customers
14238.0,298,2,287.38,2,At-Risk Customers
14239.0,67,10,1882.3200000000002,1,Regular Customers
14240.0,59,1,357.15000000000003,1,Regular Customers
14241.0,332,1,120.0,2,At-Risk Customers
14243.0,1,8,4842.28,0,Loyal High-Value Customers
14244.0,296,1,366.41999999999996,2,At-Risk Customers
14247.0,40,4,616.79,1,Regular Customers
14248.0,95,2,730.37,1,Regular Customers
14249.0,46,12,5400.461,0,Loyal High-Value Customers
14252.0,17,1,350.99,1,Regular Customers
14253.0,129,2,363.40000000000003,1,Regular Customers
14254.0,68,1,601.03,1,Regular Customers
14255.0,182,1,1000.63,2,At-Risk Customers
14256.0,127,3,1491.73,1,Regular Customers
14257.0,16,4,2854.73,1,Regular Customers
14258.0,31,16,19381.36,0,Loyal High-Value Customers
14260.0,107,3,824.28,1,Regular Customers
14263.0,59,1,322.93,1,Regular Customers
14264.0,15,4,1183.39,1,Regular Customers
14265.0,100,2,843.1700000000001,1,Regular Customers
14266.0,64,1,40.586400000000005,1,Regular Customers
14268.0,106,1,354.85,1,Regular Customers
14269.0,75,1,295.73,1,Regular Customers
14271.0,45,1,101.86,1,Regular Customers
14272.0,198,2,482.85,2,At-Risk Customers
14274.0,322,1,256.6,2,At-Risk Customers
14275.0,31,6,1189.3799999999999,1,Regular Customers
14276.0,43,4,982.9399999999999,1,Regular Customers
14277.0,47,6,13009.61,0,Loyal High-Value Customers
14278.0,45,1,205.83,1,Regular Customers
14279.0,156,2,191.86,2,At-Risk Customers
14281.0,44,1,245.15,1,Regular Customers
14282.0,3,11,4120.32,0,Loyal High-Value Customers
14283.0,99,4,628.44,1,Regular Customers
14284.0,289,1,704.4,2,At-Risk Customers
14285.0,149,4,1374.41,2,At-Risk Customers
14286.0,40,4,3851.01,1,Regular Customers
14290.0,49,3,2201.91,1,Regular Customers
14291.0,16,12,4020.85,0,Loyal High-Value Customers
14292.0,46,7,4354.32,0,Loyal High-Value Customers
14293.0,4,6,2221.37,1,Regular Customers
14294.0,43,1,375.34000000000003,1,Regular Customers
14295.0,74,4,2196.71,1,Regular Customers
14296.0,57,2,456.4,1,Regular Customers
14298.0,11,31,20004.390600000017,3,VIP Customers
14299.0,1,19,10533.87,0,Loyal High-Value Customers
14301.0,52,3,1352.04,1,Regular Customers
14302.0,66,3,742.9000000000001,1,Regular Customers
14303.0,43,2,277.94,1,Regular Customers
14304.0,15,2,1341.56,1,Regular Customers
14306.0,14,4,1058.0800000000002,1,Regular Customers
14307.0,9,5,2075.31,1,Regular Customers
14308.0,185,2,1147.02,2,At-Risk Customers
14309.0,49,2,1428.28,1,Regular Customers
14310.0,68,1,492.1,1,Regular Customers
14311.0,203,1,206.19,2,At-Risk Customers
14312.0,14,5,1478.7,1,Regular Customers
14314.0,66,1,109.8,1,Regular Customers
14315.0,200,2,716.69,2,At-Risk Customers
14316.0,58,5,1370.34,1,Regular Customers
14318.0,96,1,158.02,1,Regular Customers
14319.0,60,1,494.85,1,Regular Customers
14320.0,182,3,868.96,2,At-Risk Customers
14321.0,67,2,687.3100000000001,1,Regular Customers
14322.0,65,4,474.1,1,Regular Customers
14324.0,45,2,701.61,1,Regular Customers
14325.0,205,1,245.48000000000002,2,At-Risk Customers
14326.0,99,2,757.13,1,Regular Customers
14327.0,18,5,1583.28,1,Regular Customers
14328.0,74,1,445.05,1,Regular Customers
14329.0,11,8,4912.38,0,Loyal High-Value Customers
14330.0,259,1,200.63,2,At-Risk Customers
14332.0,17,2,1077.2,1,Regular Customers
14334.0,61,4,1766.27,1,Regular Customers
14338.0,172,1,339.88,2,At-Risk Customers
14339.0,64,1,310.75,1,Regular Customers
14341.0,56,10,2285.04,0,Loyal High-Value Customers
14342.0,68,2,249.88,1,Regular Customers
14343.0,57,4,1079.66,1,Regular Customers
14344.0,3,14,2443.77,0,Loyal High-Value Customers
14346.0,61,3,1294.17,1,Regular Customers
14347.0,368,1,82.60000000000001,2,At-Risk Customers
14350.0,16,2,689.1,1,Regular Customers
14353.0,46,2,285.9,1,Regular Customers
14355.0,1,3,840.0500000000001,1,Regular Customers
14358.0,25,2,400.06,1,Regular Customers
14361.0,214,1,214.71,2,At-Risk Customers
14363.0,38,2,227.47000000000003,1,Regular Customers
14365.0,30,2,634.68,1,Regular Customers
14366.0,161,1,136.0,2,At-Risk Customers
14369.0,278,2,469.13,2,At-Risk Customers
14370.0,86,6,1175.78,1,Regular Customers
14372.0,79,2,860.08,1,Regular Customers
14374.0,177,1,108.0,2,At-Risk Customers
14375.0,86,2,871.26,1,Regular Customers
14376.0,319,1,215.46,2,At-Risk Customers
14378.0,257,1,131.25,2,At-Risk Customers
14379.0,29,2,917.0600000000001,1,Regular Customers
14380.0,318,1,48.96,2,At-Risk Customers
14381.0,87,1,423.26,1,Regular Customers
14382.0,26,1,578.14,1,Regular Customers
14384.0,136,1,58.5,1,Regular Customers
14388.0,8,9,3488.16,0,Loyal High-Value Customers
14389.0,60,3,854.55,1,Regular Customers
14390.0,8,5,1731.16,1,Regular Customers
14391.0,212,1,135.6,2,At-Risk Customers
14392.0,68,1,266.4,1,Regular Customers
14394.0,200,1,93.8,2,At-Risk Customers
14395.0,8,12,4630.7,0,Loyal High-Value Customers
14396.0,7,6,1591.74,1,Regular Customers
14398.0,37,2,707.79,1,Regular Customers
14399.0,30,8,2108.21,1,Regular Customers
14400.0,44,2,1157.77,1,Regular Customers
14401.0,60,9,2744.42,0,Loyal High-Value Customers
14402.0,288,1,285.6,2,At-Risk Customers
14403.0,225,2,404.7,2,At-Risk Customers
14404.0,5,8,1404.04,1,Regular Customers
14405.0,22,1,195.0,1,Regular Customers
14408.0,107,4,1503.24,1,Regular Customers
14409.0,4,5,1696.64,1,Regular Customers
14410.0,12,2,1531.63,1,Regular Customers
14412.0,60,1,656.16,1,Regular Customers
14413.0,46,3,643.47,1,Regular Customers
14414.0,10,1,902.35,1,Regular Customers
14415.0,15,10,6124.52,0,Loyal High-Value Customers
14417.0,23,1,524.65,1,Regular Customers
14419.0,18,1,202.85,1,Regular Customers
14420.0,32,3,1251.65,1,Regular Customers
14421.0,148,4,1656.26,2,At-Risk Customers
14422.0,10,13,6007.88,0,Loyal High-Value Customers
14423.0,73,2,651.4100000000001,1,Regular Customers
14425.0,70,3,661.39,1,Regular Customers
14426.0,39,7,7246.27,0,Loyal High-Value Customers
14427.0,130,2,900.1800000000001,1,Regular Customers
14429.0,39,1,516.28,1,Regular Customers
14430.0,147,3,1220.9,2,At-Risk Customers
14431.0,15,3,2143.84,1,Regular Customers
14433.0,101,1,280.7,1,Regular Customers
14435.0,137,1,90.42,1,Regular Customers
14436.0,189,1,182.64,2,At-Risk Customers
14437.0,1,5,873.34,1,Regular Customers
14439.0,79,4,6781.8,0,Loyal High-Value Customers
14440.0,1,9,4281.05,0,Loyal High-Value Customers
14441.0,10,7,2898.8,1,Regular Customers
14442.0,50,5,3777.2,1,Regular Customers
14443.0,4,2,966.27,1,Regular Customers
14444.0,92,1,120.44,1,Regular Customers
14445.0,91,1,221.65,1,Regular Customers
14446.0,22,1,189.93,1,Regular Customers
14447.0,36,1,548.5,1,Regular Customers
14449.0,8,5,1555.4,1,Regular Customers
14450.0,15,4,645.19,1,Regular Customers
14451.0,25,10,2614.78,0,Loyal High-Value Customers
14452.0,31,2,399.9,1,Regular Customers
14454.0,12,5,977.3000000000001,1,Regular Customers
14455.0,68,4,617.72,1,Regular Customers
14458.0,16,1,228.07,1,Regular Customers
14459.0,287,1,3537.821,2,At-Risk Customers
14460.0,32,6,659.16,1,Regular Customers
14461.0,18,10,4573.85,0,Loyal High-Value Customers
14462.0,68,1,262.24,1,Regular Customers
14463.0,135,1,256.95,1,Regular Customers
14464.0,204,2,111.0,2,At-Risk Customers
14465.0,64,8,2887.41,1,Regular Customers
14466.0,8,7,2374.5,1,Regular Customers
14467.0,25,8,1606.98,1,Regular Customers
14468.0,368,1,204.24,2,At-Risk Customers
14469.0,52,4,2093.46,1,Regular Customers
14470.0,66,1,250.85,1,Regular Customers
14471.0,227,2,400.95,2,At-Risk Customers
14472.0,325,1,266.05,2,At-Risk Customers
14474.0,215,1,711.23,2,At-Risk Customers
14475.0,44,1,225.3,1,Regular Customers
14477.0,72,3,660.0,1,Regular Customers
14478.0,18,4,1276.66,1,Regular Customers
14479.0,1,3,982.86,1,Regular Customers
14480.0,38,3,1020.47,1,Regular Customers
14481.0,43,3,1648.18,1,Regular Customers
14482.0,15,6,2283.91,1,Regular Customers
14483.0,368,1,120.0,2,At-Risk Customers
14484.0,37,3,749.0600000000001,1,Regular Customers
14486.0,147,2,175.5,2,At-Risk Customers
14487.0,4,2,225.89000000000001,1,Regular Customers
14489.0,73,3,1111.55,1,Regular Customers
14490.0,42,2,1273.47,1,Regular Customers
14491.0,8,1,127.2,1,Regular Customers
14492.0,66,7,1921.91,1,Regular Customers
14493.0,26,5,2704.62,1,Regular Customers
14494.0,37,2,261.9,1,Regular Customers
14495.0,295,1,51.0,2,At-Risk Customers
14496.0,9,6,2129.42,1,Regular Customers
14497.0,309,1,221.69,2,At-Risk Customers
14498.0,37,5,1943.51,1,Regular Customers
14499.0,10,4,1293.3500000000001,1,Regular Customers
14505.0,40,11,6019.65,0,Loyal High-Value Customers
14506.0,5,3,1256.6000000000001,1,Regular Customers
14507.0,14,5,1848.8600000000001,1,Regular Customers
14508.0,12,3,554.87,1,Regular Customers
14509.0,170,1,110.95,2,At-Risk Customers
14510.0,11,3,979.85,1,Regular Customers
14512.0,19,5,940.69,1,Regular Customers
14513.0,72,3,332.42,1,Regular Customers
14514.0,72,6,3389.84,1,Regular Customers
14515.0,23,6,1647.17,1,Regular Customers
14516.0,152,1,151.17,2,At-Risk Customers
14519.0,319,2,203.14,2,At-Risk Customers
14521.0,127,1,199.45000000000002,1,Regular Customers
14522.0,231,4,773.88,2,At-Risk Customers
14524.0,45,4,1066.03,1,Regular Customers
14525.0,64,8,3810.64,0,Loyal High-Value Customers
14526.0,25,1,258.65,1,Regular Customers
14527.0,1,31,19257.08,3,VIP Customers
14530.0,32,10,3226.76,0,Loyal High-Value Customers
14531.0,115,1,376.34,1,Regular Customers
14532.0,47,7,2912.93,1,Regular Customers
14533.0,43,4,1516.65,1,Regular Customers
14534.0,33,8,1790.3600000000001,1,Regular Customers
14535.0,31,6,3118.39,1,Regular Customers
14537.0,259,1,285.84,2,At-Risk Customers
14538.0,166,3,982.59,2,At-Risk Customers
14540.0,15,8,2756.98,1,Regular Customers
14541.0,52,6,1038.03,1,Regular Customers
14543.0,16,23,10988.14,0,Loyal High-Value Customers
14544.0,106,1,934.23,1,Regular Customers
14545.0,310,1,349.25,2,At-Risk Customers
14546.0,12,6,2610.91,1,Regular Customers
14548.0,120,7,1888.49,1,Regular Customers
14549.0,56,3,624.36,1,Regular Customers
14550.0,24,2,587.69,1,Regular Customers
14551.0,47,5,691.86,1,Regular Customers
14552.0,16,2,343.71,1,Regular Customers
14553.0,47,4,959.3299999999999,1,Regular Customers
14555.0,17,4,1991.49,1,Regular Customers
14556.0,232,3,815.69,2,At-Risk Customers
14558.0,290,3,655.5,2,At-Risk Customers
14559.0,26,1,75.6,1,Regular Customers
14560.0,15,22,3876.2599999999998,0,Loyal High-Value Customers
14562.0,26,8,1631.38,1,Regular Customers
14563.0,145,2,640.54,2,At-Risk Customers
14564.0,70,2,2605.62,1,Regular Customers
14565.0,109,1,760.1,1,Regular Customers
14566.0,53,3,2660.0,1,Regular Customers
14568.0,71,1,919.7,1,Regular Customers
14569.0,88,3,369.94,1,Regular Customers
14570.0,79,1,395.69,1,Regular Customers
14571.0,61,1,160.0,1,Regular Customers
14572.0,53,4,2722.34,1,Regular Customers
14573.0,8,5,925.3,1,Regular Customers
14574.0,368,1,143.70000000000002,2,At-Risk Customers
14575.0,124,1,420.22,1,Regular Customers
14576.0,8,1,40.586400000000005,1,Regular Customers
14577.0,30,3,504.44,1,Regular Customers
14579.0,68,1,105.56,1,Regular Customers
14580.0,154,1,40.586400000000005,2,At-Risk Customers
14581.0,180,1,271.05,2,At-Risk Customers
14583.0,19,3,673.33,1,Regular Customers
14584.0,57,4,705.1,1,Regular Customers
14585.0,18,4,986.22,1,Regular Customers
14588.0,214,1,135.39,2,At-Risk Customers
14589.0,7,1,40.586400000000005,1,Regular Customers
14590.0,60,20,2993.37,0,Loyal High-Value Customers
14593.0,33,9,3048.38,0,Loyal High-Value Customers
14594.0,9,1,255.0,1,Regular Customers
14595.0,89,2,423.85,1,Regular Customers
14596.0,262,1,222.22,2,At-Risk Customers
14597.0,15,4,1318.39,1,Regular Customers
14598.0,205,1,162.07,2,At-Risk Customers
14599.0,26,2,457.89,1,Regular Customers
14600.0,29,1,471.84,1,Regular Customers
14602.0,292,1,205.35999999999999,2,At-Risk Customers
14604.0,269,1,143.85999999999999,2,At-Risk Customers
14605.0,10,4,921.5600000000001,1,Regular Customers
14606.0,2,31,18482.1,3,VIP Customers
14607.0,103,8,7553.63,0,Loyal High-Value Customers
14608.0,15,7,1567.79,1,Regular Customers
14609.0,26,6,884.64,1,Regular Customers
14610.0,31,2,40.586400000000005,1,Regular Customers
14611.0,79,2,604.33,1,Regular Customers
14612.0,51,1,877.7,1,Regular Customers
14613.0,316,1,76.32000000000001,2,At-Risk Customers
14614.0,22,1,295.13,1,Regular Customers
14615.0,30,5,951.76,1,Regular Customers
14616.0,21,2,121.7,1,Regular Customers
14617.0,38,2,190.47,1,Regular Customers
14618.0,12,4,788.88,1,Regular Customers
14619.0,177,1,896.8,2,At-Risk Customers
14621.0,147,4,1212.21,2,At-Risk Customers
14623.0,16,5,1130.28,1,Regular Customers
14624.0,51,4,588.22,1,Regular Customers
14625.0,10,9,3598.25,0,Loyal High-Value Customers
14626.0,31,7,2619.65,1,Regular Customers
14627.0,15,1,462.75,1,Regular Customers
14628.0,78,3,1326.04,1,Regular Customers
14630.0,120,1,338.65,1,Regular Customers
14631.0,22,3,1018.71,1,Regular Customers
14634.0,73,4,2124.46,1,Regular Customers
14635.0,89,1,215.22,1,Regular Customers
14637.0,313,1,106.68,2,At-Risk Customers
14639.0,44,3,1994.47,1,Regular Customers
14640.0,45,4,1541.98,1,Regular Customers
14643.0,253,3,986.08,2,At-Risk Customers
14644.0,50,5,1416.96,1,Regular Customers
14645.0,270,1,279.8,2,At-Risk Customers
14646.0,10,31,20004.390600000017,3,VIP Customers
14647.0,159,1,270.0,2,At-Risk Customers
14648.0,52,15,4466.65,0,Loyal High-Value Customers
14649.0,18,5,2248.6,1,Regular Customers
14650.0,224,1,62.5,2,At-Risk Customers
14651.0,30,7,1371.77,1,Regular Customers
14653.0,149,5,1666.41,2,At-Risk Customers
14654.0,368,1,246.86,2,At-Risk Customers
14655.0,24,3,1946.28,1,Regular Customers
14656.0,51,3,498.95,1,Regular Customers
14657.0,65,2,601.97,1,Regular Customers
14662.0,63,3,635.06,1,Regular Customers
14663.0,66,2,490.6,1,Regular Customers
14665.0,63,2,913.95,1,Regular Customers
14667.0,1,31,12418.01,3,VIP Customers
14668.0,81,1,111.63,1,Regular Customers
14669.0,269,4,1957.54,2,At-Risk Customers
14670.0,368,1,190.47,2,At-Risk Customers
14671.0,185,2,1127.45,2,At-Risk Customers
14672.0,151,2,347.59,2,At-Risk Customers
14673.0,3,3,1674.41,1,Regular Customers
14674.0,145,1,173.66,2,At-Risk Customers
14675.0,24,1,419.21999999999997,1,Regular Customers
14676.0,30,6,5808.55,0,Loyal High-Value Customers
14677.0,228,1,184.91,2,At-Risk Customers
14678.0,215,1,403.39,2,At-Risk Customers
14679.0,17,3,1289.44,1,Regular Customers
14680.0,7,31,20004.390600000017,3,VIP Customers
14681.0,23,3,376.20000000000005,1,Regular Customers
14682.0,64,4,1462.81,1,Regular Customers
14683.0,224,1,146.56,2,At-Risk Customers
14684.0,26,1,228.52,1,Regular Customers
14685.0,212,8,4536.64,2,At-Risk Customers
14686.0,50,5,852.53,1,Regular Customers
14687.0,36,2,773.6800000000001,1,Regular Customers
14688.0,9,8,2056.3,1,Regular Customers
14690.0,28,2,422.63,1,Regular Customers
14692.0,16,8,1123.59,1,Regular Customers
14693.0,61,6,992.46,1,Regular Customers
14694.0,253,1,244.31,2,At-Risk Customers
14695.0,155,3,1534.22,2,At-Risk Customers
14696.0,9,2,688.95,1,Regular Customers
14699.0,71,3,593.47,1,Regular Customers
14700.0,51,2,880.96,1,Regular Customers
14701.0,78,6,1961.02,1,Regular Customers
14702.0,1,13,3427.44,0,Loyal High-Value Customers
14704.0,60,2,258.96,1,Regular Customers
14706.0,254,1,367.54,2,At-Risk Customers
14707.0,71,2,139.2,1,Regular Customers
14708.0,4,3,1085.91,1,Regular Customers
14709.0,15,12,3965.29,0,Loyal High-Value Customers
14710.0,15,9,1300.31,1,Regular Customers
14712.0,54,1,411.0,1,Regular Customers
14713.0,1,11,2752.51,0,Loyal High-Value Customers
14714.0,43,3,746.05,1,Regular Customers
14715.0,78,4,958.0699999999999,1,Regular Customers
14716.0,80,1,235.77,1,Regular Customers
14717.0,368,1,81.3,2,At-Risk Customers
14718.0,46,1,226.42,1,Regular Customers
14721.0,15,1,109.07,1,Regular Customers
14722.0,113,2,309.1,1,Regular Customers
14723.0,7,7,927.89,1,Regular Customers
14724.0,226,1,341.9,2,At-Risk Customers
14725.0,30,3,597.16,1,Regular Customers
14726.0,290,1,116.5,2,At-Risk Customers
14727.0,182,2,195.15,2,At-Risk Customers
14728.0,49,1,190.58,1,Regular Customers
14729.0,9,3,586.24,1,Regular Customers
14732.0,28,11,2814.58,0,Loyal High-Value Customers
14733.0,3,4,6579.26,0,Loyal High-Value Customers
14734.0,61,4,1056.42,1,Regular Customers
14735.0,24,24,6174.47,0,Loyal High-Value Customers
14736.0,121,2,374.05,1,Regular Customers
14737.0,36,1,2389.62,1,Regular Customers
14738.0,196,2,507.45,2,At-Risk Customers
14739.0,3,19,8385.22,0,Loyal High-Value Customers
14740.0,45,8,2712.85,1,Regular Customers
14741.0,8,2,497.25,1,Regular Customers
14742.0,71,1,579.85,1,Regular Customers
14743.0,228,1,50.480000000000004,2,At-Risk Customers
14744.0,2,8,2785.1,1,Regular Customers
14745.0,137,7,1331.15,1,Regular Customers
14746.0,42,4,593.5,1,Regular Customers
14748.0,4,7,1736.57,1,Regular Customers
14749.0,115,1,310.15,1,Regular Customers
14750.0,368,1,112.03,2,At-Risk Customers
14751.0,320,2,126.45,2,At-Risk Customers
14753.0,96,1,306.36,1,Regular Customers
14754.0,61,4,909.88,1,Regular Customers
14755.0,17,14,4962.27,0,Loyal High-Value Customers
14756.0,18,2,1914.8,1,Regular Customers
14758.0,32,3,1380.91,1,Regular Customers
14761.0,80,1,192.02,1,Regular Customers
14762.0,262,1,117.05,2,At-Risk Customers
14766.0,2,6,4082.76,1,Regular Customers
14767.0,110,1,382.81,1,Regular Customers
14769.0,26,9,5097.13,0,Loyal High-Value Customers
14770.0,103,6,2761.2200000000003,1,Regular Customers
14771.0,257,2,594.62,2,At-Risk Customers
14773.0,228,1,140.55,2,At-Risk Customers
14774.0,164,1,241.45000000000002,2,At-Risk Customers
14775.0,8,1,406.56,1,Regular Customers
14776.0,23,4,1170.0,1,Regular Customers
14777.0,39,1,307.56,1,Regular Customers
14783.0,295,1,307.3,2,At-Risk Customers
14784.0,25,1,159.94,1,Regular Customers
14786.0,186,1,90.96,2,At-Risk Customers
14787.0,107,1,110.65,1,Regular Customers
14788.0,232,1,476.88,2,At-Risk Customers
14790.0,10,6,1781.56,1,Regular Customers
14791.0,242,1,303.63,2,At-Risk Customers
14793.0,171,1,396.91,2,At-Risk Customers
14794.0,38,3,633.99,1,Regular Customers
14796.0,2,11,2865.05,0,Loyal High-Value Customers
14797.0,143,1,300.31,2,At-Risk Customers
14798.0,17,5,550.5699999999999,1,Regular Customers
14799.0,368,1,180.45000000000002,2,At-Risk Customers
14800.0,5,6,3415.38,1,Regular Customers
14802.0,74,2,1502.98,1,Regular Customers
14805.0,40,3,536.15,1,Regular Customers
14806.0,75,1,110.04,1,Regular Customers
14807.0,26,2,504.14,1,Regular Customers
14809.0,257,2,686.76,2,At-Risk Customers
14810.0,5,3,446.59,1,Regular Customers
14811.0,23,1,170.5,1,Regular Customers
14812.0,234,1,178.85,2,At-Risk Customers
14813.0,5,4,888.91,1,Regular Customers
14814.0,217,1,154.21,2,At-Risk Customers
14817.0,31,5,2849.52,1,Regular Customers
14818.0,94,3,495.76,1,Regular Customers
14819.0,130,2,184.34,1,Regular Customers
14820.0,16,5,767.47,1,Regular Customers
14821.0,2,7,1230.15,1,Regular Customers
14822.0,121,1,157.7,1,Regular Customers
14824.0,15,6,2895.2000000000003,1,Regular Customers
14825.0,4,13,2698.17,0,Loyal High-Value Customers
14826.0,217,2,385.2,2,At-Risk Customers
14828.0,24,10,7699.7,0,Loyal High-Value Customers
14829.0,8,4,995.29,1,Regular Customers
14831.0,316,3,1676.57,2,At-Risk Customers
14832.0,266,1,322.69,2,At-Risk Customers
14833.0,134,1,94.8,1,Regular Customers
14834.0,43,1,485.86,1,Regular Customers
14835.0,164,2,297.0,2,At-Risk Customers
14837.0,78,5,1810.82,1,Regular Customers
14838.0,59,2,769.9200000000001,1,Regular Customers
14839.0,54,3,915.28,1,Regular Customers
14840.0,175,1,299.86,2,At-Risk Customers
14841.0,10,8,3867.2400000000002,0,Loyal High-Value Customers
14843.0,72,1,211.8,1,Regular Customers
14844.0,66,6,3512.62,1,Regular Customers
14845.0,235,1,150.0,2,At-Risk Customers
14846.0,63,1,437.4,1,Regular Customers
14847.0,43,2,1039.55,1,Regular Customers
14848.0,40,1,310.56,1,Regular Customers
14849.0,9,21,7832.91,0,Loyal High-Value Customers
14850.0,53,6,1445.21,1,Regular Customers
14851.0,266,1,318.06,2,At-Risk Customers
14852.0,60,12,3295.7400000000002,0,Loyal High-Value Customers
14853.0,59,3,901.0699999999999,1,Regular Customers
14854.0,26,4,1563.03,1,Regular Customers
14855.0,110,5,5874.65,0,Loyal High-Value Customers
14857.0,78,5,2478.731,1,Regular Customers
14858.0,141,1,180.75,2,At-Risk Customers
14859.0,190,1,351.9,2,At-Risk Customers
14861.0,16,9,1254.94,1,Regular Customers
14865.0,8,3,77.52,1,Regular Customers
14866.0,2,8,6460.32,0,Loyal High-Value Customers
14867.0,31,13,2241.78,0,Loyal High-Value Customers
14868.0,16,4,1230.42,1,Regular Customers
14869.0,24,4,2056.69,1,Regular Customers
14870.0,49,5,1511.7,1,Regular Customers
14871.0,129,5,726.89,1,Regular Customers
14872.0,119,3,816.6,1,Regular Customers
14873.0,269,1,334.45,2,At-Risk Customers
14874.0,171,1,116.18,2,At-Risk Customers
14875.0,77,1,1397.08,1,Regular Customers
14876.0,157,2,256.7,2,At-Risk Customers
14877.0,54,2,425.85,1,Regular Customers
14878.0,12,16,2600.41,0,Loyal High-Value Customers
14879.0,320,1,185.06,2,At-Risk Customers
14882.0,26,12,2956.95,0,Loyal High-Value Customers
14884.0,305,1,120.6,2,At-Risk Customers
14885.0,63,2,832.8,1,Regular Customers
14890.0,254,2,691.6,2,At-Risk Customers
14891.0,52,2,552.35,1,Regular Customers
14892.0,326,1,202.35000000000002,2,At-Risk Customers
14893.0,253,1,571.76,2,At-Risk Customers
14894.0,79,2,837.0600000000001,1,Regular Customers
14895.0,19,18,13980.83,0,Loyal High-Value Customers
14896.0,1,7,1614.45,1,Regular Customers
14897.0,45,4,1774.16,1,Regular Customers
14898.0,7,9,2195.14,1,Regular Customers
14899.0,31,1,1331.38,1,Regular Customers
14900.0,158,1,40.586400000000005,2,At-Risk Customers
14901.0,2,5,860.11,1,Regular Customers
14902.0,31,2,702.96,1,Regular Customers
14904.0,44,2,605.05,1,Regular Customers
14905.0,10,6,1355.24,1,Regular Customers
14906.0,81,1,68.44,1,Regular Customers
14907.0,3,10,2664.69,0,Loyal High-Value Customers
14908.0,99,1,104.10000000000001,1,Regular Customers
14909.0,73,3,1404.68,1,Regular Customers
14911.0,1,31,20004.390600000017,3,VIP Customers
14912.0,37,4,1021.4,1,Regular Customers
14913.0,24,4,2845.7000000000003,1,Regular Customers
14915.0,11,9,1503.77,1,Regular Customers
14916.0,67,4,1773.97,1,Regular Customers
14917.0,232,2,1123.75,2,At-Risk Customers
14918.0,40,7,4345.66,0,Loyal High-Value Customers
14919.0,175,1,359.35,2,At-Risk Customers
14920.0,201,1,629.4,2,At-Risk Customers
14922.0,29,2,843.74,1,Regular Customers
14924.0,246,2,620.96,2,At-Risk Customers
14926.0,17,2,359.4,1,Regular Customers
14927.0,32,1,308.2,1,Regular Customers
14928.0,263,1,223.91000000000003,2,At-Risk Customers
14929.0,57,1,612.8100000000001,1,Regular Customers
14930.0,106,3,2873.77,1,Regular Customers
14932.0,1,2,666.13,1,Regular Customers
14933.0,79,4,1770.0,1,Regular Customers
14934.0,14,3,1612.56,1,Regular Customers
14935.0,255,1,1065.1200000000001,2,At-Risk Customers
14936.0,26,4,4273.79,1,Regular Customers
14938.0,198,2,2322.43,2,At-Risk Customers
14940.0,53,2,531.49,1,Regular Customers
14941.0,214,1,182.1,2,At-Risk Customers
14942.0,37,4,746.56,1,Regular Customers
14943.0,299,1,107.62,2,At-Risk Customers
14944.0,25,7,3884.42,0,Loyal High-Value Customers
14945.0,49,1,179.4,1,Regular Customers
14947.0,24,4,758.97,1,Regular Customers
14949.0,105,4,515.0,1,Regular Customers
14952.0,32,21,9529.86,0,Loyal High-Value Customers
14953.0,54,3,685.65,1,Regular Customers
14954.0,339,1,167.27,2,At-Risk Customers
14955.0,368,1,163.77,2,At-Risk Customers
14956.0,57,1,1325.0,1,Regular Customers
14957.0,280,1,203.2,2,At-Risk Customers
14958.0,231,3,458.26,2,At-Risk Customers
14961.0,15,13,9365.47,0,Loyal High-Value Customers
14962.0,175,3,240.21000000000004,2,At-Risk Customers
14963.0,15,7,1651.23,1,Regular Customers
14966.0,23,5,881.24,1,Regular Customers
14967.0,77,5,1518.81,1,Regular Customers
14968.0,94,1,353.65,1,Regular Customers
14969.0,339,1,906.23,2,At-Risk Customers
14970.0,45,8,3327.29,0,Loyal High-Value Customers
14972.0,17,1,40.586400000000005,1,Regular Customers
14975.0,57,1,192.45,1,Regular Customers
14977.0,361,1,40.586400000000005,2,At-Risk Customers
14978.0,66,5,1190.82,1,Regular Customers
14979.0,368,1,429.66,2,At-Risk Customers
14980.0,368,1,150.68,2,At-Risk Customers
14981.0,59,1,270.8,1,Regular Customers
14982.0,208,1,237.78,2,At-Risk Customers
14983.0,325,1,183.20000000000002,2,At-Risk Customers
14984.0,24,4,1058.1399999999999,1,Regular Customers
14986.0,12,2,563.1,1,Regular Customers
14987.0,1,7,1387.4499999999998,1,Regular Customers
14988.0,16,6,1704.1100000000001,1,Regular Customers
14989.0,297,1,342.4,2,At-Risk Customers
14990.0,248,2,304.17,2,At-Risk Customers
14991.0,66,1,314.67,1,Regular Customers
14992.0,78,1,210.5,1,Regular Customers
14993.0,199,1,40.586400000000005,2,At-Risk Customers
14994.0,18,5,946.72,1,Regular Customers
14996.0,117,2,442.28999999999996,1,Regular Customers
14997.0,291,1,230.4,2,At-Risk Customers
14998.0,64,2,338.31,1,Regular Customers
14999.0,228,1,129.48000000000002,2,At-Risk Customers
15001.0,30,2,199.10999999999999,1,Regular Customers
15002.0,3,6,3127.9700000000003,1,Regular Customers
15003.0,109,6,1027.03,1,Regular Customers
15005.0,2,29,7681.71,0,Loyal High-Value Customers
15006.0,89,1,277.4,1,Regular Customers
15008.0,116,2,360.0,1,Regular Customers
15011.0,31,2,416.6,1,Regular Customers
15012.0,9,2,429.78,1,Regular Customers
15013.0,123,10,1610.82,1,Regular Customers
15015.0,137,13,2354.97,0,Loyal High-Value Customers
15016.0,29,4,450.85,1,Regular Customers
15018.0,3,1,111.25,1,Regular Customers
15020.0,15,1,198.47,1,Regular Customers
15021.0,2,4,826.91,1,Regular Customers
15022.0,313,1,281.05,2,At-Risk Customers
15023.0,5,10,5287.64,0,Loyal High-Value Customers
15024.0,3,8,2414.18,1,Regular Customers
15025.0,204,1,617.83,2,At-Risk Customers
15026.0,11,2,579.89,1,Regular Customers
15027.0,31,6,2129.45,1,Regular Customers
15028.0,4,3,521.78,1,Regular Customers
15029.0,255,1,365.1,2,At-Risk Customers
15030.0,16,6,1461.63,1,Regular Customers
15031.0,30,10,2449.75,0,Loyal High-Value Customers
15032.0,2,7,8821.55,0,Loyal High-Value Customers
15034.0,22,6,3957.04,1,Regular Customers
15037.0,12,2,397.76,1,Regular Customers
15038.0,5,4,579.67,1,Regular Customers
15039.0,4,31,19960.3,3,VIP Customers
15040.0,177,1,40.586400000000005,2,At-Risk Customers
15041.0,80,1,109.47,1,Regular Customers
15042.0,231,1,179.52,2,At-Risk Customers
15043.0,99,5,2333.3199999999997,1,Regular Customers
15044.0,15,18,8389.42,0,Loyal High-Value Customers
15046.0,61,10,2533.37,0,Loyal High-Value Customers
15048.0,4,1,98.7,1,Regular Customers
15050.0,57,2,2349.5,1,Regular Customers
15051.0,15,6,2543.55,1,Regular Customers
15055.0,110,3,549.12,1,Regular Customers
15056.0,156,1,113.65,2,At-Risk Customers
15057.0,79,3,1766.46,1,Regular Customers
15058.0,12,5,1285.04,1,Regular Customers
15059.0,12,10,2153.48,0,Loyal High-Value Customers
15061.0,3,31,20004.390600000017,3,VIP Customers
15062.0,59,4,1597.76,1,Regular Customers
15064.0,46,4,1254.41,1,Regular Customers
15065.0,46,1,168.73,1,Regular Customers
15067.0,49,2,2118.12,1,Regular Customers
15068.0,54,2,621.54,1,Regular Customers
15070.0,8,3,737.0500000000001,1,Regular Customers
15071.0,22,2,473.49,1,Regular Customers
15072.0,115,1,187.52,1,Regular Customers
15073.0,36,5,1744.61,1,Regular Customers
15074.0,65,2,817.46,1,Regular Customers
15076.0,128,2,566.89,1,Regular Customers
15077.0,130,2,2428.08,1,Regular Customers
15078.0,4,23,8018.77,0,Loyal High-Value Customers
15079.0,1,8,2871.7400000000002,1,Regular Customers
15080.0,63,2,546.25,1,Regular Customers
15081.0,3,8,1460.92,1,Regular Customers
15082.0,304,1,93.35000000000001,2,At-Risk Customers
15084.0,15,2,965.1999999999999,1,Regular Customers
15085.0,365,1,347.54,2,At-Risk Customers
15086.0,200,2,218.53,2,At-Risk Customers
15091.0,310,2,565.9,2,At-Risk Customers
15092.0,98,1,318.65,1,Regular Customers
15093.0,8,18,9729.09,0,Loyal High-Value Customers
15094.0,99,2,83.0,1,Regular Customers
15095.0,56,6,1771.04,1,Regular Customers
15097.0,219,2,660.27,2,At-Risk Customers
15100.0,2,6,2018.6999999999998,1,Regular Customers
15101.0,151,4,1160.41,2,At-Risk Customers
15102.0,166,2,554.67,2,At-Risk Customers
15105.0,66,2,795.98,1,Regular Customers
15107.0,8,4,620.85,1,Regular Customers
15109.0,215,2,498.15000000000003,2,At-Risk Customers
15110.0,39,2,509.75,1,Regular Customers
15111.0,8,3,1163.39,1,Regular Customers
15112.0,247,1,209.4,2,At-Risk Customers
15114.0,19,2,639.56,1,Regular Customers
15115.0,368,1,191.74,2,At-Risk Customers
15117.0,84,3,934.19,1,Regular Customers
15122.0,58,8,2853.4900000000002,1,Regular Customers
15123.0,57,3,2456.86,1,Regular Customers
15124.0,112,2,266.63,1,Regular Customers
15125.0,115,9,5496.39,0,Loyal High-Value Customers
15126.0,172,2,449.49,2,At-Risk Customers
15127.0,155,1,304.97,2,At-Risk Customers
15128.0,66,1,312.68,1,Regular Customers
15129.0,21,12,3412.78,0,Loyal High-Value Customers
15131.0,30,1,80.28,1,Regular Customers
15133.0,18,2,824.48,1,Regular Customers
15134.0,17,2,208.3,1,Regular Customers
15135.0,192,1,166.63,2,At-Risk Customers
15137.0,156,2,823.4,2,At-Risk Customers
15138.0,29,1,502.52,1,Regular Customers
15140.0,78,1,889.44,1,Regular Customers
15141.0,93,7,1388.47,1,Regular Customers
15142.0,46,5,2121.18,1,Regular Customers
15143.0,68,1,304.18,1,Regular Customers
15144.0,15,12,5579.87,0,Loyal High-Value Customers
15149.0,212,4,1033.81,2,At-Risk Customers
15150.0,92,3,3686.61,1,Regular Customers
15151.0,59,2,2085.61,1,Regular Customers
15152.0,337,1,518.14,2,At-Risk Customers
15154.0,114,2,1089.44,1,Regular Customers
15155.0,19,1,383.96999999999997,1,Regular Customers
15157.0,205,2,718.04,2,At-Risk Customers
15158.0,37,1,204.62,1,Regular Customers
15159.0,31,4,3475.7200000000003,1,Regular Customers
15160.0,10,3,431.11,1,Regular Customers
15161.0,24,1,119.92,1,Regular Customers
15162.0,367,1,312.9,2,At-Risk Customers
15164.0,25,6,1203.53,1,Regular Customers
15165.0,9,1,487.75,1,Regular Customers
15166.0,103,1,167.16,1,Regular Customers
15167.0,43,4,1468.82,1,Regular Customers
15169.0,18,2,569.22,1,Regular Customers
15170.0,42,1,81.15,1,Regular Customers
15173.0,16,7,1494.6,1,Regular Customers
15174.0,46,1,345.71,1,Regular Customers
15176.0,303,1,988.0400000000001,2,At-Risk Customers
15177.0,61,1,948.9300000000001,1,Regular Customers
15179.0,28,8,5284.97,0,Loyal High-Value Customers
15180.0,3,3,816.9300000000001,1,Regular Customers
15181.0,56,2,510.72,1,Regular Customers
15182.0,21,9,2376.102,1,Regular Customers
15183.0,183,3,639.93,2,At-Risk Customers
15184.0,23,2,283.19,1,Regular Customers
15186.0,110,3,991.7900000000001,1,Regular Customers
15188.0,361,1,310.43,2,At-Risk Customers
15189.0,17,5,1298.99,1,Regular Customers
15190.0,70,1,834.4399999999999,1,Regular Customers
15191.0,99,3,588.05,1,Regular Customers
15192.0,1,3,937.07,1,Regular Customers
15194.0,4,14,4811.16,0,Loyal High-Value Customers
15196.0,68,2,313.7,1,Regular Customers
15197.0,30,3,797.9,1,Regular Customers
15198.0,44,3,377.71,1,Regular Customers
15199.0,10,6,1853.7,1,Regular Customers
15200.0,130,1,549.0500000000001,1,Regular Customers
15201.0,75,2,606.4100000000001,1,Regular Customers
15202.0,56,3,6001.49,1,Regular Customers
15203.0,26,9,2572.38,0,Loyal High-Value Customers
15207.0,52,3,683.92,1,Regular Customers
15208.0,59,1,100.4,1,Regular Customers
15209.0,366,1,178.98000000000002,2,At-Risk Customers
15210.0,14,2,845.01,1,Regular Customers
15211.0,1,1,383.07,1,Regular Customers
15212.0,12,1,106.47999999999999,1,Regular Customers
15215.0,29,4,1687.49,1,Regular Customers
15216.0,254,1,389.49,2,At-Risk Customers
15217.0,199,1,426.24,2,At-Risk Customers
15218.0,25,11,5711.9400000000005,0,Loyal High-Value Customers
15219.0,284,1,379.7,2,At-Risk Customers
15221.0,2,4,2062.2,1,Regular Customers
15222.0,108,10,2965.91,0,Loyal High-Value Customers
15223.0,245,3,662.2,2,At-Risk Customers
15224.0,148,3,549.28,2,At-Risk Customers
15227.0,32,4,1269.0900000000001,1,Regular Customers
15228.0,64,2,2193.56,1,Regular Customers
15229.0,222,1,160.5,2,At-Risk Customers
15231.0,257,1,250.26000000000002,2,At-Risk Customers
15233.0,37,1,59.400000000000006,1,Regular Customers
15235.0,5,6,690.3000000000001,1,Regular Customers
15240.0,10,7,2753.41,1,Regular Customers
15241.0,66,3,1293.72,1,Regular Customers
15242.0,58,1,302.04,1,Regular Customers
15243.0,71,1,610.6,1,Regular Customers
15244.0,302,1,280.51,2,At-Risk Customers
15245.0,38,5,2095.0,1,Regular Customers
15246.0,191,1,266.25,2,At-Risk Customers
15247.0,113,2,620.06,1,Regular Customers
15248.0,47,3,1893.93,1,Regular Customers
15249.0,66,5,2577.54,1,Regular Customers
15250.0,276,1,60.0,2,At-Risk Customers
15251.0,50,10,9839.55,0,Loyal High-Value Customers
15252.0,57,3,1362.63,1,Regular Customers
15253.0,39,3,1136.89,1,Regular Customers
15254.0,182,2,787.99,2,At-Risk Customers
15255.0,32,8,2815.17,1,Regular Customers
15256.0,197,1,71.95,2,At-Risk Customers
15257.0,50,1,368.75,1,Regular Customers
15259.0,148,4,1182.3799999999999,2,At-Risk Customers
15260.0,8,20,7377.46,0,Loyal High-Value Customers
15261.0,17,3,1253.18,1,Regular Customers
15262.0,16,2,239.87,1,Regular Customers
15264.0,166,1,454.66,2,At-Risk Customers
15265.0,240,2,1839.52,2,At-Risk Customers
15266.0,15,4,732.91,1,Regular Customers
15268.0,114,3,961.9000000000001,1,Regular Customers
15269.0,16,2,816.5600000000001,1,Regular Customers
15270.0,36,14,6145.37,0,Loyal High-Value Customers
15271.0,1,10,2146.95,0,Loyal High-Value Customers
15272.0,86,4,1309.01,1,Regular Customers
15273.0,235,1,228.96,2,At-Risk Customers
15276.0,30,3,491.17,1,Regular Customers
15277.0,61,1,220.44,1,Regular Customers
15278.0,197,4,496.16,2,At-Risk Customers
15279.0,16,4,1290.03,1,Regular Customers
15280.0,124,2,284.4,1,Regular Customers
15281.0,14,7,6211.42,0,Loyal High-Value Customers
15282.0,206,1,348.59,2,At-Risk Customers
15283.0,26,3,148.32999999999998,1,Regular Customers
15284.0,136,1,40.586400000000005,1,Regular Customers
15285.0,43,1,94.92,1,Regular Customers
15287.0,15,3,369.34000000000003,1,Regular Customers
15288.0,1,6,1574.51,1,Regular Customers
15289.0,94,2,653.3100000000001,1,Regular Customers
15290.0,29,8,2553.06,1,Regular Customers
15291.0,9,26,9178.26,0,Loyal High-Value Customers
15293.0,301,1,247.5,2,At-Risk Customers
15294.0,46,1,233.35,1,Regular Customers
15295.0,290,1,207.04,2,At-Risk Customers
15296.0,56,6,6650.17,0,Loyal High-Value Customers
15298.0,2,12,4659.47,0,Loyal High-Value Customers
15299.0,8,6,3484.5299999999997,1,Regular Customers
15301.0,4,6,2533.09,1,Regular Customers
15302.0,366,1,308.0,2,At-Risk Customers
15303.0,201,2,650.16,2,At-Risk Customers
15304.0,4,2,225.15,1,Regular Customers
15305.0,191,1,93.6,2,At-Risk Customers
15306.0,136,6,2310.38,1,Regular Customers
15309.0,246,4,797.96,2,At-Risk Customers
15310.0,114,1,1634.64,1,Regular Customers
15311.0,1,31,20004.390600000017,3,VIP Customers
15312.0,19,8,2005.34,1,Regular Customers
15314.0,49,2,492.48,1,Regular Customers
15317.0,313,1,129.75,2,At-Risk Customers
15321.0,73,9,3961.42,0,Loyal High-Value Customers
15322.0,112,1,711.18,1,Regular Customers
15323.0,198,3,434.6,2,At-Risk Customers
15324.0,337,1,140.22000000000003,2,At-Risk Customers
15325.0,31,7,1439.72,1,Regular Customers
15326.0,245,4,1388.81,2,At-Risk Customers
15328.0,43,1,107.24,1,Regular Customers
15329.0,10,8,1909.13,1,Regular Customers
15331.0,135,3,767.91,1,Regular Customers
15332.0,2,6,4892.68,0,Loyal High-Value Customers
15336.0,37,1,240.5,1,Regular Customers
15337.0,47,1,373.02,1,Regular Customers
15338.0,313,1,277.93,2,At-Risk Customers
15339.0,57,5,1246.95,1,Regular Customers
15340.0,197,1,105.5,2,At-Risk Customers
15341.0,85,1,382.2,1,Regular Customers
15346.0,61,2,343.7,1,Regular Customers
15347.0,2,4,1162.0,1,Regular Customers
15350.0,9,2,547.6,1,Regular Customers
15351.0,5,4,1770.23,1,Regular Customers
15352.0,184,1,111.15,2,At-Risk Customers
15353.0,3,6,2336.0,1,Regular Customers
15354.0,239,3,284.4,2,At-Risk Customers
15356.0,4,4,664.66,1,Regular Customers
15358.0,1,22,8703.21,0,Loyal High-Value Customers
15359.0,298,8,181.35,2,At-Risk Customers
15361.0,162,3,270.15,2,At-Risk Customers
15362.0,84,2,613.08,1,Regular Customers
15363.0,8,2,678.11,1,Regular Customers
15365.0,39,6,2242.81,1,Regular Customers
15366.0,45,5,1786.57,1,Regular Customers
15367.0,54,7,3203.7400000000002,1,Regular Customers
15368.0,30,1,275.8,1,Regular Customers
15369.0,128,11,6251.26,0,Loyal High-Value Customers
15370.0,46,1,1352.96,1,Regular Customers
15371.0,298,1,59.400000000000006,2,At-Risk Customers
15372.0,86,7,4009.66,1,Regular Customers
15373.0,7,6,1002.93,1,Regular Customers
15374.0,260,1,139.32,2,At-Risk Customers
15375.0,326,1,60.959999999999994,2,At-Risk Customers
15377.0,18,4,1211.75,1,Regular Customers
15378.0,98,2,246.5,1,Regular Customers
15379.0,36,1,1174.55,1,Regular Customers
15380.0,1,7,1788.8,1,Regular Customers
15381.0,59,3,1293.72,1,Regular Customers
15382.0,10,6,7777.84,0,Loyal High-Value Customers
15384.0,17,2,1385.38,1,Regular Customers
15385.0,28,2,625.2,1,Regular Customers
15387.0,128,1,468.65,1,Regular Customers
15389.0,36,4,2233.8,1,Regular Customers
15390.0,32,2,1216.66,1,Regular Customers
15391.0,220,1,289.87,2,At-Risk Customers
15392.0,10,3,1376.09,1,Regular Customers
15393.0,203,3,659.48,2,At-Risk Customers
15394.0,31,7,3103.26,1,Regular Customers
15396.0,219,1,508.20000000000005,2,At-Risk Customers
15400.0,56,3,586.1,1,Regular Customers
15401.0,88,2,216.95,1,Regular Customers
15402.0,23,4,1203.77,1,Regular Customers
15403.0,127,2,170.88,1,Regular Customers
15404.0,11,1,257.06,1,Regular Customers
15405.0,212,1,310.74,2,At-Risk Customers
15406.0,89,2,465.16,1,Regular Customers
15409.0,357,1,131.25,2,At-Risk Customers
15410.0,204,2,1234.88,2,At-Risk Customers
15413.0,327,5,6798.72,2,At-Risk Customers
15416.0,114,3,588.5,1,Regular Customers
15418.0,61,2,449.42,1,Regular Customers
15420.0,70,6,743.0,1,Regular Customers
15421.0,21,6,2854.98,1,Regular Customers
15422.0,15,5,1522.27,1,Regular Customers
15423.0,217,2,223.39000000000001,2,At-Risk Customers
15424.0,99,1,214.44,1,Regular Customers
15425.0,36,4,1941.1200000000001,1,Regular Customers
15426.0,5,5,1134.85,1,Regular Customers
15428.0,23,3,668.97,1,Regular Customers
15430.0,103,2,954.75,1,Regular Customers
15431.0,138,1,153.24,1,Regular Customers
15432.0,177,1,149.57,2,At-Risk Customers
15434.0,10,6,1525.5800000000002,1,Regular Customers
15437.0,276,1,193.29000000000002,2,At-Risk Customers
15439.0,40,4,1269.05,1,Regular Customers
15441.0,32,3,1254.21,1,Regular Customers
15443.0,110,7,1900.64,1,Regular Customers
15445.0,226,1,171.0,2,At-Risk Customers
15446.0,12,3,399.75,1,Regular Customers
15447.0,163,4,337.71000000000004,2,At-Risk Customers
15448.0,310,1,294.17,2,At-Risk Customers
15451.0,70,2,226.86,1,Regular Customers
15452.0,26,3,1256.63,1,Regular Customers
15454.0,254,1,126.89,2,At-Risk Customers
15455.0,233,1,40.586400000000005,2,At-Risk Customers
15456.0,39,7,1656.93,1,Regular Customers
15458.0,38,1,208.8,1,Regular Customers
15459.0,53,2,202.83,1,Regular Customers
15461.0,96,2,429.7,1,Regular Customers
15462.0,81,1,502.45,1,Regular Customers
15465.0,5,15,5281.53,0,Loyal High-Value Customers
15466.0,25,3,1225.93,1,Regular Customers
15468.0,28,1,962.97,1,Regular Customers
15469.0,74,1,335.70000000000005,1,Regular Customers
15470.0,211,1,63.419999999999995,2,At-Risk Customers
15471.0,16,2,837.53,1,Regular Customers
15473.0,80,1,274.8,1,Regular Customers
15474.0,231,1,150.35,2,At-Risk Customers
15476.0,16,4,2209.98,1,Regular Customers
15477.0,285,1,368.4,2,At-Risk Customers
15478.0,211,1,583.5600000000001,2,At-Risk Customers
15479.0,368,1,147.4,2,At-Risk Customers
15480.0,101,4,5373.5,1,Regular Customers
15481.0,37,1,1993.34,1,Regular Customers
15482.0,22,7,3537.6,1,Regular Customers
15483.0,21,6,592.56,1,Regular Customers
15484.0,176,2,1061.69,2,At-Risk Customers
15485.0,9,5,3186.01,1,Regular Customers
15486.0,163,1,102.0,2,At-Risk Customers
15487.0,315,1,231.32,2,At-Risk Customers
15488.0,92,4,340.6,1,Regular Customers
15489.0,36,5,1285.3300000000002,1,Regular Customers
15490.0,66,1,210.85,1,Regular Customers
15493.0,25,4,2168.27,1,Regular Customers
15494.0,114,3,2422.02,1,Regular Customers
15495.0,15,1,246.5,1,Regular Customers
15496.0,267,1,146.14,2,At-Risk Customers
15497.0,18,7,7395.19,0,Loyal High-Value Customers
15498.0,2,19,12633.18,0,Loyal High-Value Customers
15499.0,359,1,158.65,2,At-Risk Customers
15501.0,40,2,399.95,1,Regular Customers
15502.0,4,5,3548.34,1,Regular Customers
15503.0,362,1,116.26,2,At-Risk Customers
15504.0,156,3,349.87,2,At-Risk Customers
15506.0,17,3,1058.25,1,Regular Customers
15509.0,16,1,152.41,1,Regular Customers
15512.0,26,2,210.58,1,Regular Customers
15513.0,1,18,12992.33,0,Loyal High-Value Customers
15514.0,15,7,2368.34,1,Regular Customers
15515.0,23,1,171.81,1,Regular Customers
15518.0,15,7,2268.44,1,Regular Customers
15519.0,19,2,344.61,1,Regular Customers
15521.0,36,8,4098.04,0,Loyal High-Value Customers
15523.0,24,15,16847.18,0,Loyal High-Value Customers
15524.0,242,1,151.4,2,At-Risk Customers
15525.0,9,2,430.78000000000003,1,Regular Customers
15527.0,30,15,3126.36,0,Loyal High-Value Customers
15529.0,2,2,1116.72,1,Regular Customers
15530.0,148,1,311.37,2,At-Risk Customers
15532.0,12,6,2174.12,1,Regular Customers
15534.0,361,1,162.25,2,At-Risk Customers
15535.0,40,2,541.47,1,Regular Customers
15536.0,45,1,259.09,1,Regular Customers
15538.0,173,6,3358.4,2,At-Risk Customers
15540.0,11,1,247.38,1,Regular Customers
15542.0,148,3,855.71,2,At-Risk Customers
15543.0,95,1,114.4,1,Regular Customers
15544.0,8,12,4615.72,0,Loyal High-Value Customers
15545.0,7,1,135.32999999999998,1,Regular Customers
15546.0,242,2,1079.1000000000001,2,At-Risk Customers
15547.0,12,12,5146.45,0,Loyal High-Value Customers
15548.0,231,1,158.09,2,At-Risk Customers
15549.0,57,5,652.7,1,Regular Customers
15550.0,14,8,1635.42,1,Regular Customers
15551.0,30,6,1243.75,1,Regular Customers
15552.0,259,1,162.4,2,At-Risk Customers
15555.0,1,22,7267.83,0,Loyal High-Value Customers
15558.0,275,1,202.68,2,At-Risk Customers
15559.0,204,1,1109.4,2,At-Risk Customers
15560.0,33,2,153.52,1,Regular Customers
15561.0,19,4,1133.8,1,Regular Customers
15562.0,60,2,536.88,1,Regular Customers
15563.0,150,3,1459.02,2,At-Risk Customers
15564.0,99,2,70.74000000000001,1,Regular Customers
15566.0,28,2,227.87,1,Regular Customers
15569.0,26,5,2207.74,1,Regular Customers
15570.0,5,14,5105.32,0,Loyal High-Value Customers
15571.0,22,10,3241.92,0,Loyal High-Value Customers
15572.0,16,3,1431.78,1,Regular Customers
15573.0,254,3,597.23,2,At-Risk Customers
15574.0,8,3,774.84,1,Regular Customers
15575.0,255,1,40.586400000000005,2,At-Risk Customers
15577.0,359,2,137.15,2,At-Risk Customers
15579.0,19,3,923.03,1,Regular Customers
15580.0,12,8,1375.39,1,Regular Customers
15581.0,2,26,4076.9700000000003,0,Loyal High-Value Customers
15583.0,12,1,95.96,1,Regular Customers
15584.0,35,2,547.34,1,Regular Customers
15586.0,228,3,1139.1000000000001,2,At-Risk Customers
15587.0,28,3,608.4,1,Regular Customers
15588.0,313,1,579.6,2,At-Risk Customers
15590.0,18,5,1496.6,1,Regular Customers
15591.0,218,3,217.9,2,At-Risk Customers
15595.0,123,1,357.59999999999997,1,Regular Customers
15596.0,1,5,1723.45,1,Regular Customers
15597.0,211,1,238.8,2,At-Risk Customers
15598.0,63,1,307.34,1,Regular Customers
15599.0,81,1,488.32,1,Regular Customers
15600.0,64,4,1199.31,1,Regular Customers
15601.0,8,17,8183.56,0,Loyal High-Value Customers
15602.0,4,8,1932.64,1,Regular Customers
15603.0,284,1,40.586400000000005,2,At-Risk Customers
15605.0,9,5,738.57,1,Regular Customers
15606.0,26,8,2310.83,1,Regular Customers
15607.0,179,8,1604.21,2,At-Risk Customers
15608.0,51,1,692.3,1,Regular Customers
15611.0,19,13,1405.83,0,Loyal High-Value Customers
15613.0,246,1,433.71999999999997,2,At-Risk Customers
15614.0,73,4,3147.36,1,Regular Customers
15615.0,26,24,10974.23,0,Loyal High-Value Customers
15616.0,74,1,317.11,1,Regular Customers
15617.0,32,3,828.5500000000001,1,Regular Customers
15620.0,45,1,389.18,1,Regular Customers
15622.0,63,8,4143.05,0,Loyal High-Value Customers
15623.0,29,7,2136.02,1,Regular Customers
15625.0,12,5,1702.1399999999999,1,Regular Customers
15626.0,57,1,391.72,1,Regular Customers
15627.0,93,2,566.9,1,Regular Customers
15628.0,2,9,2782.02,0,Loyal High-Value Customers
15629.0,86,4,2240.9,1,Regular Customers
15630.0,280,1,295.05,2,At-Risk Customers
15631.0,278,1,596.67,2,At-Risk Customers
15633.0,145,13,4335.96,0,Loyal High-Value Customers
15634.0,19,1,311.1,1,Regular Customers
15635.0,31,1,100.35,1,Regular Customers
15636.0,73,2,719.82,1,Regular Customers
15637.0,49,4,574.23,1,Regular Customers
15638.0,14,6,2265.2,1,Regular Customers
15639.0,87,2,639.76,1,Regular Customers
15640.0,8,15,11411.92,0,Loyal High-Value Customers
15641.0,32,8,3458.35,0,Loyal High-Value Customers
15642.0,365,1,105.78,2,At-Risk Customers
15645.0,50,2,443.16,1,Regular Customers
15646.0,8,3,526.97,1,Regular Customers
15647.0,51,1,169.0,1,Regular Customers
15649.0,3,3,1354.35,1,Regular Customers
15650.0,157,2,553.88,2,At-Risk Customers
15651.0,56,2,612.76,1,Regular Customers
15652.0,23,4,1068.2,1,Regular Customers
15658.0,8,4,1399.3700000000001,1,Regular Customers
15659.0,22,2,226.04,1,Regular Customers
15660.0,1,7,1212.13,1,Regular Customers
15661.0,15,6,906.15,1,Regular Customers
15662.0,297,2,283.73,2,At-Risk Customers
15664.0,85,3,867.6,1,Regular Customers
15665.0,47,3,1764.86,1,Regular Customers
15666.0,108,2,632.94,1,Regular Customers
15670.0,192,1,152.15,2,At-Risk Customers
15672.0,361,1,45.300000000000004,2,At-Risk Customers
15673.0,87,5,3478.09,1,Regular Customers
15674.0,53,8,4501.63,0,Loyal High-Value Customers
15675.0,40,1,218.35,1,Regular Customers
15677.0,57,2,648.4,1,Regular Customers
15678.0,31,2,1473.24,1,Regular Customers
15680.0,2,8,3173.9,0,Loyal High-Value Customers
15681.0,15,9,1563.54,1,Regular Customers
15682.0,235,2,318.24,2,At-Risk Customers
15683.0,109,1,330.79,1,Regular Customers
15684.0,183,3,173.95,2,At-Risk Customers
15685.0,86,1,55.980000000000004,1,Regular Customers
15686.0,56,1,90.0,1,Regular Customers
15688.0,54,1,190.57,1,Regular Customers
15689.0,253,1,266.93,2,At-Risk Customers
15691.0,30,3,434.5,1,Regular Customers
15693.0,295,1,40.586400000000005,2,At-Risk Customers
15694.0,1,12,4331.41,0,Loyal High-Value Customers
15695.0,233,2,721.0600000000001,2,At-Risk Customers
15696.0,59,5,1170.1100000000001,1,Regular Customers
15697.0,325,1,246.75,2,At-Risk Customers
15698.0,260,1,46.2,2,At-Risk Customers
15702.0,112,2,140.39,1,Regular Customers
15704.0,138,2,1441.04,1,Regular Customers
15708.0,5,3,969.19,1,Regular Customers
15709.0,225,1,194.6,2,At-Risk Customers
15710.0,53,1,898.87,1,Regular Customers
15711.0,192,2,420.25,2,At-Risk Customers
15712.0,15,7,2400.05,1,Regular Customers
15713.0,2,3,654.09,1,Regular Customers
15714.0,89,3,453.93,1,Regular Customers
15715.0,191,5,658.02,2,At-Risk Customers
15716.0,5,8,1913.55,1,Regular Customers
15717.0,57,4,456.70000000000005,1,Regular Customers
15718.0,176,1,293.79,2,At-Risk Customers
15719.0,17,18,5165.9,0,Loyal High-Value Customers
15720.0,186,1,140.49,2,At-Risk Customers
15722.0,81,6,3022.79,1,Regular Customers
15723.0,47,3,740.0,1,Regular Customers
15724.0,36,1,92.6,1,Regular Customers
15726.0,26,1,321.91,1,Regular Customers
15727.0,23,8,4212.65,0,Loyal High-Value Customers
15728.0,15,2,544.6,1,Regular Customers
15729.0,36,2,107.55000000000001,1,Regular Customers
15730.0,17,2,605.7,1,Regular Customers
15731.0,189,1,125.3,2,At-Risk Customers
15732.0,8,9,1387.95,1,Regular Customers
15734.0,72,2,923.85,1,Regular Customers
15735.0,57,1,327.68,1,Regular Customers
15736.0,71,2,1767.1200000000001,1,Regular Customers
15738.0,8,26,8560.55,0,Loyal High-Value Customers
15741.0,94,2,208.62,1,Regular Customers
15742.0,255,1,156.87,2,At-Risk Customers
15747.0,11,6,1553.17,1,Regular Customers
15748.0,85,2,465.45,1,Regular Customers
15750.0,2,12,4330.461,0,Loyal High-Value Customers
15751.0,96,11,1380.44,1,Regular Customers
15752.0,8,3,1557.96,1,Regular Customers
15754.0,129,6,2579.04,1,Regular Customers
15755.0,15,11,3628.87,0,Loyal High-Value Customers
15757.0,22,4,2225.94,1,Regular Customers
15759.0,147,4,577.89,2,At-Risk Customers
15760.0,266,2,13916.34,2,At-Risk Customers
15761.0,78,1,143.05,1,Regular Customers
15764.0,70,2,1223.1100000000001,1,Regular Customers
15765.0,302,1,370.63,2,At-Risk Customers
15766.0,92,2,516.0,1,Regular Customers
15768.0,112,31,14687.06,3,VIP Customers
15769.0,7,21,20004.390600000017,3,VIP Customers
15770.0,248,1,321.45,2,At-Risk Customers
15771.0,240,3,1006.54,2,At-Risk Customers
15772.0,54,1,280.88,1,Regular Customers
15773.0,45,1,138.84,1,Regular Customers
15774.0,54,5,1017.5400000000001,1,Regular Customers
15775.0,267,1,45.599999999999994,2,At-Risk Customers
15777.0,32,3,715.5,1,Regular Customers
15778.0,67,1,307.95000000000005,1,Regular Customers
15779.0,99,2,124.08000000000001,1,Regular Customers
15782.0,66,1,1399.36,1,Regular Customers
15784.0,103,2,848.33,1,Regular Customers
15785.0,15,11,3640.96,0,Loyal High-Value Customers
15786.0,53,2,3582.62,1,Regular Customers
15788.0,144,1,221.83,2,At-Risk Customers
15789.0,67,5,1610.71,1,Regular Customers
15791.0,165,3,1995.65,2,At-Risk Customers
15792.0,35,2,933.84,1,Regular Customers
15793.0,14,5,1433.96,1,Regular Customers
15794.0,368,2,777.0,2,At-Risk Customers
15795.0,66,7,1369.8600000000001,1,Regular Customers
15796.0,10,9,2463.02,0,Loyal High-Value Customers
15797.0,217,2,613.6800000000001,2,At-Risk Customers
15798.0,128,3,1535.37,1,Regular Customers
15799.0,54,1,537.2,1,Regular Customers
15800.0,89,5,530.18,1,Regular Customers
15803.0,81,3,1513.84,1,Regular Customers
15805.0,21,13,4660.75,0,Loyal High-Value Customers
15807.0,44,2,913.62,1,Regular Customers
15808.0,5,18,14482.03,0,Loyal High-Value Customers
15809.0,95,2,758.6700000000001,1,Regular Customers
15810.0,22,4,1607.06,1,Regular Customers
15811.0,1,2,1557.38,1,Regular Customers
15812.0,71,7,3400.33,1,Regular Customers
15814.0,29,2,689.11,1,Regular Customers
15816.0,178,2,144.15,2,At-Risk Customers
15817.0,56,3,2766.4,1,Regular Customers
15818.0,224,1,340.5,2,At-Risk Customers
15819.0,67,6,2029.3400000000001,1,Regular Customers
15822.0,129,4,954.59,1,Regular Customers
15823.0,8,3,3882.17,1,Regular Customers
15824.0,89,2,890.94,1,Regular Customers
15826.0,204,1,943.97,2,At-Risk Customers
15827.0,8,16,1957.98,0,Loyal High-Value Customers
15828.0,11,1,1108.82,1,Regular Customers
15833.0,368,1,80.4,2,At-Risk Customers
15834.0,12,3,1539.24,1,Regular Customers
15837.0,121,1,385.03000000000003,1,Regular Customers
15838.0,3,16,20004.390600000017,3,VIP Customers
15841.0,22,5,1518.35,1,Regular Customers
15842.0,29,2,548.8000000000001,1,Regular Customers
15845.0,172,3,714.51,2,At-Risk Customers
15846.0,21,1,107.01,1,Regular Customers
15847.0,64,3,433.3,1,Regular Customers
15848.0,257,1,137.99,2,At-Risk Customers
15850.0,12,4,771.87,1,Regular Customers
15851.0,162,1,109.73,2,At-Risk Customers
15852.0,162,1,96.55,2,At-Risk Customers
15854.0,12,9,2609.16,0,Loyal High-Value Customers
15855.0,112,1,340.48,1,Regular Customers
15856.0,1,26,17703.63,3,VIP Customers
15857.0,66,1,273.48,1,Regular Customers
15858.0,3,9,2508.77,0,Loyal High-Value Customers
15859.0,68,1,438.46,1,Regular Customers
15860.0,4,10,1498.8,1,Regular Customers
15861.0,92,4,1222.28,1,Regular Customers
15862.0,9,10,2033.64,0,Loyal High-Value Customers
15863.0,253,3,286.26,2,At-Risk Customers
15864.0,17,1,244.44,1,Regular Customers
15865.0,49,2,1346.29,1,Regular Customers
15867.0,5,17,5224.81,0,Loyal High-Value Customers
15868.0,219,1,94.53,2,At-Risk Customers
15869.0,262,1,171.47,2,At-Risk Customers
15870.0,32,3,506.02000000000004,1,Regular Customers
15871.0,73,1,40.586400000000005,1,Regular Customers
15872.0,14,2,413.0,1,Regular Customers
15873.0,135,4,313.91999999999996,1,Regular Customers
15874.0,23,14,6878.88,0,Loyal High-Value Customers
15875.0,282,1,108.52,2,At-Risk Customers
15876.0,45,2,1449.14,1,Regular Customers
15878.0,197,2,330.77,2,At-Risk Customers
15879.0,40,4,1137.8,1,Regular Customers
15880.0,5,1,329.03,1,Regular Customers
15882.0,4,6,979.62,1,Regular Customers
15884.0,68,2,244.60000000000002,1,Regular Customers
15885.0,19,12,1572.47,0,Loyal High-Value Customers
15886.0,52,3,871.78,1,Regular Customers
15887.0,42,3,1027.15,1,Regular Customers
15888.0,36,2,260.85,1,Regular Customers
15889.0,5,7,1279.6,1,Regular Customers
15890.0,30,5,535.65,1,Regular Customers
15892.0,305,1,128.2,2,At-Risk Customers
15893.0,117,1,305.28000000000003,1,Regular Customers
15894.0,5,1,151.44,1,Regular Customers
15898.0,3,22,4129.26,0,Loyal High-Value Customers
15899.0,4,1,56.25,1,Regular Customers
15900.0,49,3,549.29,1,Regular Customers
15901.0,87,4,335.99,1,Regular Customers
15902.0,16,1,145.01,1,Regular Customers
15903.0,14,5,3813.08,1,Regular Customers
15905.0,179,1,114.69,2,At-Risk Customers
15906.0,10,3,962.5,1,Regular Customers
15908.0,126,2,758.62,1,Regular Customers
15910.0,36,7,1432.29,1,Regular Customers
15911.0,259,8,1700.24,2,At-Risk Customers
15912.0,72,7,810.08,1,Regular Customers
15913.0,170,1,40.586400000000005,2,At-Risk Customers
15914.0,14,2,205.99,1,Regular Customers
15915.0,37,1,364.45,1,Regular Customers
15916.0,2,7,1874.83,1,Regular Customers
15917.0,242,4,407.07,2,At-Risk Customers
15918.0,267,1,248.65,2,At-Risk Customers
15919.0,4,1,214.07999999999998,1,Regular Customers
15920.0,60,5,401.64,1,Regular Customers
15921.0,32,3,452.23,1,Regular Customers
15922.0,9,1,369.5,1,Regular Customers
15923.0,8,1,127.08,1,Regular Customers
15924.0,367,1,102.82,2,At-Risk Customers
15926.0,178,1,134.44,2,At-Risk Customers
15927.0,283,1,106.54,2,At-Risk Customers
15928.0,292,1,293.53,2,At-Risk Customers
15929.0,280,1,594.0,2,At-Risk Customers
15931.0,64,1,239.9,1,Regular Customers
15934.0,53,2,2190.66,1,Regular Customers
15936.0,15,2,282.79,1,Regular Customers
15938.0,92,4,330.23,1,Regular Customers
15939.0,10,1,2945.38,1,Regular Customers
15941.0,273,1,405.0,2,At-Risk Customers
15943.0,285,2,271.28999999999996,2,At-Risk Customers
15944.0,29,3,1839.14,1,Regular Customers
15945.0,1,4,646.27,1,Regular Customers
15946.0,138,3,2304.18,1,Regular Customers
15948.0,60,1,553.85,1,Regular Customers
15950.0,11,6,5376.2,0,Loyal High-Value Customers
15951.0,17,1,304.95,1,Regular Customers
15953.0,5,11,1990.8,0,Loyal High-Value Customers
15954.0,225,1,190.75,2,At-Risk Customers
15955.0,8,9,4242.1,0,Loyal High-Value Customers
15956.0,187,2,617.6,2,At-Risk Customers
15957.0,56,2,492.36,1,Regular Customers
15958.0,39,3,357.77,1,Regular Customers
15959.0,318,3,542.89,2,At-Risk Customers
15960.0,10,4,410.95,1,Regular Customers
15961.0,15,1,451.28999999999996,1,Regular Customers
15962.0,85,1,289.48,1,Regular Customers
15964.0,299,1,269.21000000000004,2,At-Risk Customers
15965.0,3,10,2119.26,0,Loyal High-Value Customers
15966.0,86,1,426.53,1,Regular Customers
15967.0,15,10,2568.32,0,Loyal High-Value Customers
15968.0,24,1,404.55,1,Regular Customers
15969.0,61,2,460.95,1,Regular Customers
15970.0,234,1,703.22,2,At-Risk Customers
15971.0,21,6,1702.98,1,Regular Customers
15972.0,92,5,1769.33,1,Regular Customers
15973.0,2,3,680.62,1,Regular Customers
15976.0,46,4,1266.77,1,Regular Customers
15978.0,68,2,2180.64,1,Regular Customers
15979.0,238,1,329.21999999999997,2,At-Risk Customers
15980.0,126,4,4144.82,1,Regular Customers
15981.0,37,13,5954.29,0,Loyal High-Value Customers
15982.0,241,1,324.51,2,At-Risk Customers
15983.0,1,6,2458.9,1,Regular Customers
15984.0,4,21,5735.09,0,Loyal High-Value Customers
15985.0,72,5,1572.8600000000001,1,Regular Customers
15986.0,17,1,186.3,1,Regular Customers
15987.0,4,2,216.70000000000002,1,Regular Customers
15988.0,187,2,582.11,2,At-Risk Customers
15989.0,11,2,368.31,1,Regular Customers
15990.0,130,5,1205.64,1,Regular Customers
15991.0,170,1,150.55,2,At-Risk Customers
15992.0,32,2,854.61,1,Regular Customers
15994.0,47,2,761.41,1,Regular Customers
15995.0,50,1,694.54,1,Regular Customers
15996.0,2,2,617.07,1,Regular Customers
15998.0,29,11,5193.92,0,Loyal High-Value Customers
15999.0,368,1,40.586400000000005,2,At-Risk Customers
16001.0,17,1,583.39,1,Regular Customers
16002.0,261,1,169.21,2,At-Risk Customers
16003.0,17,5,2878.46,1,Regular Customers
16004.0,110,5,2146.39,1,Regular Customers
16005.0,11,6,1786.78,1,Regular Customers
16006.0,23,1,231.42,1,Regular Customers
16007.0,19,3,1359.25,1,Regular Customers
16008.0,18,12,4860.35,0,Loyal High-Value Customers
16010.0,12,8,1302.46,1,Regular Customers
16011.0,2,14,2486.0,0,Loyal High-Value Customers
16012.0,37,2,1563.3,1,Regular Customers
16013.0,7,31,20004.390600000017,3,VIP Customers
16014.0,44,2,453.45,1,Regular Customers
16016.0,2,4,980.91,1,Regular Customers
16017.0,53,4,1333.7,1,Regular Customers
16018.0,32,2,289.23,1,Regular Customers
16019.0,17,18,13542.92,0,Loyal High-Value Customers
16021.0,31,2,487.03,1,Regular Customers
16024.0,47,2,232.96,1,Regular Customers
16027.0,93,9,1113.74,1,Regular Customers
16028.0,231,1,82.2,2,At-Risk Customers
16029.0,8,31,20004.390600000017,3,VIP Customers
16032.0,92,6,1965.72,1,Regular Customers
16033.0,5,8,1985.63,1,Regular Customers
16034.0,30,3,473.62,1,Regular Customers
16035.0,196,1,217.73,2,At-Risk Customers
16036.0,60,2,1797.92,1,Regular Customers
16037.0,180,2,654.32,2,At-Risk Customers
16039.0,59,2,456.4,1,Regular Customers
16040.0,66,4,1103.3500000000001,1,Regular Customers
16042.0,15,3,1067.85,1,Regular Customers
16043.0,15,4,1082.6,1,Regular Customers
16044.0,71,1,340.84000000000003,1,Regular Customers
16045.0,52,4,2094.23,1,Regular Customers
16046.0,198,1,235.78,2,At-Risk Customers
16047.0,318,1,107.14,2,At-Risk Customers
16048.0,9,4,818.7900000000001,1,Regular Customers
16049.0,11,3,777.34,1,Regular Customers
16050.0,19,2,162.8,1,Regular Customers
16051.0,317,1,188.44,2,At-Risk Customers
16053.0,49,4,2122.89,1,Regular Customers
16054.0,54,3,1327.98,1,Regular Customers
16057.0,155,3,1591.73,2,At-Risk Customers
16058.0,42,1,62.7,1,Regular Customers
16059.0,3,7,1718.66,1,Regular Customers
16060.0,36,3,541.95,1,Regular Customers
16061.0,67,1,89.65,1,Regular Customers
16062.0,15,4,1709.83,1,Regular Customers
16064.0,361,1,109.31,2,At-Risk Customers
16065.0,1,8,1992.13,1,Regular Customers
16067.0,198,3,3269.11,2,At-Risk Customers
16068.0,229,1,115.73,2,At-Risk Customers
16069.0,53,1,457.7,1,Regular Customers
16071.0,163,3,750.5600000000001,2,At-Risk Customers
16072.0,64,3,3595.77,1,Regular Customers
16074.0,26,1,252.5,1,Regular Customers
16075.0,138,2,736.9300000000001,1,Regular Customers
16077.0,261,1,2300.4,2,At-Risk Customers
16078.0,305,1,283.79,2,At-Risk Customers
16080.0,21,2,385.4,1,Regular Customers
16081.0,2,4,1637.14,1,Regular Customers
16082.0,306,1,106.75,2,At-Risk Customers
16083.0,18,2,1033.8,1,Regular Customers
16085.0,16,7,1359.52,1,Regular Customers
16086.0,3,6,1743.6,1,Regular Customers
16087.0,25,5,1739.92,1,Regular Customers
16088.0,211,2,1437.43,2,At-Risk Customers
16089.0,22,2,263.49,1,Regular Customers
16090.0,260,1,180.56,2,At-Risk Customers
16092.0,140,3,770.08,1,Regular Customers
16094.0,11,7,2617.33,1,Regular Customers
16095.0,92,1,447.05,1,Regular Customers
16096.0,52,3,1264.3500000000001,1,Regular Customers
16098.0,9,8,2435.67,1,Regular Customers
16099.0,53,4,841.3,1,Regular Customers
16100.0,98,1,582.64,1,Regular Customers
16101.0,70,3,1938.46,1,Regular Customers
16103.0,25,16,4762.07,0,Loyal High-Value Customers
16104.0,54,8,2476.25,1,Regular Customers
16105.0,74,4,2049.23,1,Regular Customers
16108.0,70,3,1393.42,1,Regular Customers
16109.0,334,1,327.59999999999997,2,At-Risk Customers
16110.0,158,1,460.64,2,At-Risk Customers
16111.0,64,1,549.33,1,Regular Customers
16115.0,33,4,892.92,1,Regular Customers
16117.0,38,2,422.19,1,Regular Customers
16118.0,288,1,4376.25,2,At-Risk Customers
16119.0,30,6,1297.45,1,Regular Customers
16120.0,58,2,1658.3700000000001,1,Regular Customers
16121.0,26,3,595.38,1,Regular Customers
16122.0,2,3,316.92,1,Regular Customers
16124.0,54,3,1523.49,1,Regular Customers
16125.0,3,14,4292.35,0,Loyal High-Value Customers
16126.0,15,11,8356.83,0,Loyal High-Value Customers
16127.0,362,1,145.06,2,At-Risk Customers
16128.0,16,6,1920.8300000000002,1,Regular Customers
16129.0,43,3,1396.05,1,Regular Customers
16130.0,58,4,987.48,1,Regular Customers
16131.0,11,6,6450.88,0,Loyal High-Value Customers
16132.0,180,2,664.1999999999999,2,At-Risk Customers
16133.0,12,23,8403.22,0,Loyal High-Value Customers
16134.0,59,3,1527.25,1,Regular Customers
16135.0,219,1,301.9,2,At-Risk Customers
16136.0,299,1,237.42000000000002,2,At-Risk Customers
16137.0,316,1,422.7,2,At-Risk Customers
16138.0,14,3,910.35,1,Regular Customers
16139.0,358,2,475.74,2,At-Risk Customers
16140.0,7,2,832.4200000000001,1,Regular Customers
16141.0,53,1,335.54,1,Regular Customers
16143.0,5,7,2485.89,1,Regular Customers
16145.0,24,8,3005.9500000000003,1,Regular Customers
16146.0,84,1,212.25,1,Regular Customers
16147.0,36,4,2023.91,1,Regular Customers
16148.0,72,1,310.3,1,Regular Customers
16149.0,65,1,141.7,1,Regular Customers
16150.0,8,6,2342.57,1,Regular Customers
16153.0,56,6,3309.26,1,Regular Customers
16155.0,17,5,796.9,1,Regular Customers
16156.0,18,11,3096.14,0,Loyal High-Value Customers
16158.0,158,9,628.32,2,At-Risk Customers
16159.0,106,3,884.59,1,Regular Customers
16161.0,4,25,7210.59,0,Loyal High-Value Customers
16163.0,1,5,1992.98,1,Regular Customers
16165.0,141,1,79.9,2,At-Risk Customers
16166.0,64,2,435.83,1,Regular Customers
16167.0,50,5,1386.12,1,Regular Customers
16168.0,5,31,6848.87,3,VIP Customers
16170.0,31,14,4983.95,0,Loyal High-Value Customers
16172.0,109,3,744.34,1,Regular Customers
16174.0,127,4,1237.2,1,Regular Customers
16175.0,107,3,798.85,1,Regular Customers
16176.0,57,4,2052.69,1,Regular Customers
16177.0,72,7,1915.3600000000001,1,Regular Customers
16178.0,37,1,414.7,1,Regular Customers
16180.0,114,5,5995.69,0,Loyal High-Value Customers
16182.0,74,5,3354.0,1,Regular Customers
16183.0,30,3,739.1,1,Regular Customers
16185.0,200,1,115.31,2,At-Risk Customers
16186.0,8,15,5019.17,0,Loyal High-Value Customers
16188.0,44,1,105.80000000000001,1,Regular Customers
16190.0,30,7,2508.4700000000003,1,Regular Customers
16191.0,11,11,10497.300000000001,0,Loyal High-Value Customers
16192.0,368,1,351.3,2,At-Risk Customers
16193.0,46,1,315.98,1,Regular Customers
16194.0,11,1,308.6,1,Regular Customers
16195.0,359,1,323.25,2,At-Risk Customers
16196.0,124,1,93.3,1,Regular Customers
16197.0,105,9,2016.71,1,Regular Customers
16198.0,73,1,629.36,1,Regular Customers
16199.0,28,7,942.75,1,Regular Customers
16200.0,18,10,4539.23,0,Loyal High-Value Customers
16201.0,51,1,248.65,1,Regular Customers
16202.0,53,8,2136.72,1,Regular Customers
16203.0,8,3,521.64,1,Regular Customers
16204.0,16,2,534.53,1,Regular Customers
16205.0,32,3,1062.48,1,Regular Customers
16206.0,23,9,2052.81,1,Regular Customers
16208.0,30,8,2776.19,1,Regular Customers
16209.0,18,4,1884.16,1,Regular Customers
16210.0,4,19,17403.21,0,Loyal High-Value Customers
16211.0,57,2,543.5699999999999,1,Regular Customers
16212.0,254,2,603.37,2,At-Risk Customers
16214.0,71,1,975.5,1,Regular Customers
16218.0,9,7,1355.29,1,Regular Customers
16219.0,136,1,40.8,1,Regular Customers
16221.0,3,7,1325.8,1,Regular Customers
16222.0,357,1,498.50000000000006,2,At-Risk Customers
16223.0,10,2,1087.05,1,Regular Customers
16224.0,23,1,321.24,1,Regular Customers
16225.0,38,10,1762.99,1,Regular Customers
16226.0,14,2,417.05,1,Regular Customers
16227.0,130,2,713.0,1,Regular Customers
16228.0,21,3,885.71,1,Regular Customers
16229.0,17,4,1857.26,1,Regular Customers
16231.0,15,4,1074.47,1,Regular Customers
16232.0,56,3,1722.09,1,Regular Customers
16233.0,2,7,1429.03,1,Regular Customers
16234.0,112,3,333.18,1,Regular Customers
16235.0,11,4,1186.4,1,Regular Customers
16237.0,73,1,136.65,1,Regular Customers
16238.0,58,1,63.66,1,Regular Customers
16239.0,18,4,1078.0,1,Regular Customers
16241.0,5,4,1680.2,1,Regular Customers
16242.0,17,7,3824.79,0,Loyal High-Value Customers
16244.0,8,1,1056.63,1,Regular Customers
16246.0,95,2,821.35,1,Regular Customers
16250.0,9,2,401.94,1,Regular Customers
16251.0,148,1,128.31,2,At-Risk Customers
16252.0,18,1,295.09000000000003,1,Regular Customers
16253.0,56,5,3588.34,1,Regular Customers
16254.0,14,3,967.44,1,Regular Customers
16255.0,1,8,2284.34,1,Regular Customers
16256.0,129,2,876.9399999999999,1,Regular Customers
16258.0,23,10,6739.01,0,Loyal High-Value Customers
16259.0,46,3,340.94,1,Regular Customers
16261.0,22,2,312.62,1,Regular Customers
16262.0,14,1,755.15,1,Regular Customers
16263.0,59,1,348.16,1,Regular Customers
16264.0,74,2,823.53,1,Regular Customers
16265.0,22,3,1488.17,1,Regular Customers
16266.0,59,7,896.06,1,Regular Customers
16267.0,227,1,186.66,2,At-Risk Customers
16269.0,73,1,717.57,1,Regular Customers
16271.0,93,5,1993.18,1,Regular Customers
16273.0,284,2,318.34000000000003,2,At-Risk Customers
16274.0,9,1,351.75,1,Regular Customers
16275.0,110,2,1591.24,1,Regular Customers
16276.0,115,2,1818.79,1,Regular Customers
16277.0,368,1,188.69,2,At-Risk Customers
16278.0,116,2,551.46,1,Regular Customers
16279.0,21,6,4195.5,1,Regular Customers
16280.0,361,1,238.05,2,At-Risk Customers
16281.0,59,2,1361.96,1,Regular Customers
16282.0,123,2,1139.28,1,Regular Customers
16283.0,54,3,2779.51,1,Regular Customers
16284.0,29,1,205.8,1,Regular Customers
16285.0,282,1,176.9,2,At-Risk Customers
16286.0,113,2,328.95,1,Regular Customers
16287.0,12,4,864.48,1,Regular Customers
16288.0,106,1,129.85,1,Regular Customers
16289.0,98,1,136.31,1,Regular Customers
16290.0,100,4,1957.7,1,Regular Customers
16291.0,318,1,117.72,2,At-Risk Customers
16292.0,16,4,951.51,1,Regular Customers
16293.0,3,6,2408.96,1,Regular Customers
16294.0,112,1,126.05000000000001,1,Regular Customers
16296.0,262,4,1313.67,2,At-Risk Customers
16298.0,33,4,487.5,1,Regular Customers
16299.0,113,1,193.65,1,Regular Customers
16300.0,66,3,1367.32,1,Regular Customers
16301.0,368,1,107.33,2,At-Risk Customers
16303.0,28,4,2567.64,1,Regular Customers
16304.0,330,1,381.66,2,At-Risk Customers
16306.0,3,2,560.55,1,Regular Customers
16307.0,65,3,1194.92,1,Regular Customers
16308.0,42,3,2560.0,1,Regular Customers
16310.0,50,2,460.08,1,Regular Customers
16312.0,68,1,171.15,1,Regular Customers
16314.0,25,3,1491.4,1,Regular Customers
16315.0,172,1,176.34,2,At-Risk Customers
16316.0,16,5,2806.0,1,Regular Customers
16317.0,186,2,850.86,2,At-Risk Customers
16320.0,89,4,4590.53,1,Regular Customers
16321.0,262,2,230.9,2,At-Risk Customers
16323.0,213,1,146.16,2,At-Risk Customers
16325.0,60,9,3003.26,0,Loyal High-Value Customers
16326.0,19,10,1682.03,1,Regular Customers
16327.0,5,11,6874.97,0,Loyal High-Value Customers
16328.0,199,1,310.83,2,At-Risk Customers
16329.0,63,4,1664.92,1,Regular Customers
16330.0,60,4,373.46999999999997,1,Regular Customers
16331.0,68,6,2037.7,1,Regular Customers
16332.0,67,4,417.21,1,Regular Customers
16334.0,128,1,263.73,1,Regular Customers
16335.0,187,7,2753.52,2,At-Risk Customers
16336.0,56,4,3517.69,1,Regular Customers
16340.0,75,2,961.93,1,Regular Customers
16341.0,73,3,1878.92,1,Regular Customers
16343.0,43,1,285.54,1,Regular Customers
16344.0,145,3,741.3199999999999,2,At-Risk Customers
16345.0,119,1,613.33,1,Regular Customers
16346.0,21,1,224.51,1,Regular Customers
16347.0,24,9,2595.51,0,Loyal High-Value Customers
16348.0,66,1,328.77,1,Regular Customers
16350.0,10,5,1137.42,1,Regular Customers
16351.0,47,12,3176.13,0,Loyal High-Value Customers
16353.0,5,16,3323.75,0,Loyal High-Value Customers
16354.0,15,3,723.66,1,Regular Customers
16355.0,11,1,416.35,1,Regular Customers
16356.0,12,3,204.10000000000002,1,Regular Customers
16357.0,17,1,209.49,1,Regular Customers
16358.0,30,1,892.1500000000001,1,Regular Customers
16359.0,12,7,946.83,1,Regular Customers
16362.0,73,1,212.17000000000002,1,Regular Customers
16365.0,3,7,1766.78,1,Regular Customers
16366.0,218,3,1220.83,2,At-Risk Customers
16367.0,19,1,549.8100000000001,1,Regular Customers
16368.0,71,1,141.53,1,Regular Customers
16369.0,72,4,1111.15,1,Regular Customers
16371.0,84,1,157.2,1,Regular Customers
16372.0,45,3,934.58,1,Regular Customers
16373.0,18,2,309.49,1,Regular Customers
16374.0,38,3,1256.67,1,Regular Customers
16375.0,106,2,104.0,1,Regular Customers
16377.0,253,1,632.28,2,At-Risk Customers
16381.0,31,2,247.85,1,Regular Customers
16382.0,44,2,353.1,1,Regular Customers
16383.0,32,5,2252.93,1,Regular Customers
16384.0,65,2,774.45,1,Regular Customers
16385.0,2,3,473.69,1,Regular Customers
16386.0,23,1,765.59,1,Regular Customers
16387.0,31,4,788.1,1,Regular Customers
16388.0,289,1,186.05,2,At-Risk Customers
16390.0,172,3,467.5,2,At-Risk Customers
16391.0,36,4,1052.26,1,Regular Customers
16392.0,49,2,538.81,1,Regular Customers
16393.0,5,11,2441.61,0,Loyal High-Value Customers
16395.0,29,9,2036.35,1,Regular Customers
16396.0,112,1,137.8,1,Regular Customers
16397.0,264,1,123.13,2,At-Risk Customers
16399.0,25,1,222.20000000000002,1,Regular Customers
16400.0,31,8,2755.92,1,Regular Customers
16401.0,15,11,2750.83,0,Loyal High-Value Customers
16402.0,5,1,205.65,1,Regular Customers
16406.0,86,2,374.01,1,Regular Customers
16407.0,25,4,681.97,1,Regular Customers
16408.0,227,1,231.93,2,At-Risk Customers
16409.0,16,7,3629.76,1,Regular Customers
16410.0,368,1,130.32,2,At-Risk Customers
16411.0,5,3,673.24,1,Regular Customers
16412.0,29,4,457.2,1,Regular Customers
16413.0,11,1,259.83,1,Regular Customers
16414.0,67,3,424.96000000000004,1,Regular Customers
16415.0,219,2,496.49,2,At-Risk Customers
16416.0,26,6,1906.48,1,Regular Customers
16417.0,128,1,40.586400000000005,1,Regular Customers
16418.0,44,2,397.62,1,Regular Customers
16419.0,213,2,504.99,2,At-Risk Customers
16420.0,32,1,75.0,1,Regular Customers
16421.0,12,3,526.27,1,Regular Customers
16422.0,5,31,20004.390600000017,3,VIP Customers
16424.0,18,1,309.5,1,Regular Customers
16428.0,49,3,638.49,1,Regular Customers
16430.0,17,6,817.09,1,Regular Customers
16433.0,44,1,200.26,1,Regular Customers
16434.0,82,5,1161.89,1,Regular Customers
16435.0,148,3,1003.0699999999999,2,At-Risk Customers
16436.0,304,3,319.14,2,At-Risk Customers
16437.0,17,2,301.25,1,Regular Customers
16439.0,358,1,310.70000000000005,2,At-Risk Customers
16440.0,129,1,216.3,1,Regular Customers
16441.0,53,3,637.93,1,Regular Customers
16442.0,240,2,282.68,2,At-Risk Customers
16443.0,156,1,162.24,2,At-Risk Customers
16444.0,26,13,2971.21,0,Loyal High-Value Customers
16445.0,22,3,352.65,1,Regular Customers
16447.0,226,2,471.19,2,At-Risk Customers
16448.0,107,1,178.13,1,Regular Customers
16450.0,220,2,1193.81,2,At-Risk Customers
16451.0,197,2,746.1800000000001,2,At-Risk Customers
16452.0,266,2,332.17,2,At-Risk Customers
16453.0,166,2,251.71,2,At-Risk Customers
16454.0,242,2,40.586400000000005,2,At-Risk Customers
16455.0,7,6,2535.69,1,Regular Customers
16456.0,9,9,4630.16,0,Loyal High-Value Customers
16458.0,11,12,2208.15,0,Loyal High-Value Customers
16459.0,365,1,71.78999999999999,2,At-Risk Customers
16461.0,226,2,1402.91,2,At-Risk Customers
16465.0,56,2,746.24,1,Regular Customers
16466.0,19,8,2171.13,1,Regular Customers
16467.0,144,7,2869.16,1,Regular Customers
16468.0,106,2,712.62,1,Regular Customers
16469.0,150,1,178.48000000000002,2,At-Risk Customers
16470.0,32,7,1664.08,1,Regular Customers
16471.0,29,3,966.03,1,Regular Customers
16472.0,70,2,789.6,1,Regular Customers
16473.0,10,1,154.72,1,Regular Customers
16476.0,67,1,350.35,1,Regular Customers
16477.0,7,5,1825.56,1,Regular Customers
16481.0,318,1,453.38,2,At-Risk Customers
16485.0,68,4,1923.54,1,Regular Customers
16486.0,173,1,134.36,2,At-Risk Customers
16487.0,213,2,209.4,2,At-Risk Customers
16489.0,16,2,303.7,1,Regular Customers
16490.0,72,1,205.41000000000003,1,Regular Customers
16491.0,49,1,801.66,1,Regular Customers
16492.0,176,1,385.56,2,At-Risk Customers
16493.0,80,3,780.46,1,Regular Customers
16496.0,67,3,731.25,1,Regular Customers
16497.0,49,17,3729.59,0,Loyal High-Value Customers
16499.0,10,6,2212.89,1,Regular Customers
16500.0,10,3,443.05,1,Regular Customers
16501.0,19,1,1191.23,1,Regular Customers
16502.0,256,2,258.55,2,At-Risk Customers
16503.0,31,7,2182.41,1,Regular Customers
16507.0,208,1,142.71,2,At-Risk Customers
16508.0,266,1,240.95,2,At-Risk Customers
16510.0,8,6,1777.5,1,Regular Customers
16511.0,33,3,842.16,1,Regular Customers
16515.0,15,5,1554.92,1,Regular Customers
16518.0,57,2,475.05,1,Regular Customers
16519.0,1,3,327.68,1,Regular Customers
16520.0,1,4,1427.57,1,Regular Customers
16521.0,51,3,1140.11,1,Regular Customers
16522.0,71,2,433.36,1,Regular Customers
16523.0,51,7,2497.86,1,Regular Customers
16524.0,82,2,306.19,1,Regular Customers
16525.0,2,23,11535.29,0,Loyal High-Value Customers
16526.0,220,1,426.85,2,At-Risk Customers
16527.0,60,1,1004.88,1,Regular Customers
16529.0,113,3,1531.55,1,Regular Customers
16530.0,304,1,48.35,2,At-Risk Customers
16531.0,17,4,1053.74,1,Regular Customers
16532.0,67,2,2007.84,1,Regular Customers
16534.0,278,1,635.9,2,At-Risk Customers
16535.0,21,2,378.28999999999996,1,Regular Customers
16537.0,277,1,40.586400000000005,2,At-Risk Customers
16538.0,177,3,395.07,2,At-Risk Customers
16539.0,9,7,2343.2,1,Regular Customers
16540.0,50,1,205.75,1,Regular Customers
16541.0,368,1,424.03,2,At-Risk Customers
16542.0,37,1,137.7,1,Regular Customers
16543.0,227,1,292.21,2,At-Risk Customers
16544.0,155,4,376.70000000000005,2,At-Risk Customers
16545.0,11,1,350.52,1,Regular Customers
16546.0,8,4,4819.32,1,Regular Customers
16547.0,182,1,104.25999999999999,2,At-Risk Customers
16548.0,235,1,40.586400000000005,2,At-Risk Customers
16549.0,33,24,8746.9,0,Loyal High-Value Customers
16550.0,4,14,7069.27,0,Loyal High-Value Customers
16551.0,59,4,1315.0,1,Regular Customers
16552.0,9,1,95.28999999999999,1,Regular Customers
16553.0,32,21,10864.19,0,Loyal High-Value Customers
16554.0,22,5,2004.6200000000001,1,Regular Customers
16555.0,141,4,1629.79,1,Regular Customers
16556.0,11,10,4698.79,0,Loyal High-Value Customers
16558.0,2,19,5535.02,0,Loyal High-Value Customers
16559.0,33,1,175.0,1,Regular Customers
16560.0,33,6,2206.9700000000003,1,Regular Customers
16562.0,112,1,223.86,1,Regular Customers
16563.0,36,5,3334.82,1,Regular Customers
16564.0,205,1,87.80000000000001,2,At-Risk Customers
16565.0,42,3,599.35,1,Regular Customers
16568.0,63,2,1020.9,1,Regular Customers
16569.0,267,4,1331.03,2,At-Risk Customers
16570.0,15,10,3695.91,0,Loyal High-Value Customers
16571.0,31,7,2827.05,1,Regular Customers
16574.0,59,2,850.34,1,Regular Customers
16576.0,56,2,540.87,1,Regular Customers
16577.0,302,1,380.0,2,At-Risk Customers
16578.0,262,1,156.6,2,At-Risk Customers
16579.0,61,1,295.05,1,Regular Customers
16583.0,9,2,297.95,1,Regular Customers
16584.0,68,3,2220.09,1,Regular Customers
16585.0,229,2,341.59000000000003,2,At-Risk Customers
16586.0,80,2,998.83,1,Regular Customers
16588.0,22,4,1361.28,1,Regular Customers
16589.0,86,1,153.12,1,Regular Customers
16590.0,36,2,605.9,1,Regular Customers
16592.0,11,12,3694.23,0,Loyal High-Value Customers
16593.0,26,5,741.11,1,Regular Customers
16595.0,12,4,1397.59,1,Regular Customers
16596.0,2,3,329.48,1,Regular Customers
16599.0,21,1,172.8,1,Regular Customers
16600.0,10,7,1339.89,1,Regular Customers
16601.0,26,2,434.3,1,Regular Customers
16602.0,24,1,235.25,1,Regular Customers
16604.0,198,2,432.45000000000005,2,At-Risk Customers
16605.0,360,1,60.48,2,At-Risk Customers
16606.0,40,2,357.66,1,Regular Customers
16607.0,35,11,2359.16,0,Loyal High-Value Customers
16608.0,89,2,1286.6200000000001,1,Regular Customers
16611.0,39,5,1655.64,1,Regular Customers
16612.0,15,5,2057.77,1,Regular Customers
16614.0,38,2,673.6,1,Regular Customers
16615.0,262,1,291.5,2,At-Risk Customers
16619.0,19,3,1712.1200000000001,1,Regular Customers
16620.0,25,4,1579.97,1,Regular Customers
16622.0,179,1,225.4,2,At-Risk Customers
16623.0,37,3,885.79,1,Regular Customers
16625.0,58,4,1320.95,1,Regular Customers
16628.0,43,2,130.05,1,Regular Customers
16630.0,43,1,106.80000000000001,1,Regular Customers
16631.0,117,7,1892.52,1,Regular Customers
16632.0,121,2,406.4,1,Regular Customers
16634.0,8,5,1596.71,1,Regular Customers
16635.0,42,1,473.0,1,Regular Customers
16636.0,74,4,3802.04,1,Regular Customers
16638.0,4,6,749.8100000000001,1,Regular Customers
16639.0,45,1,490.47,1,Regular Customers
16640.0,33,1,179.4,1,Regular Customers
16641.0,337,1,323.4,2,At-Risk Customers
16642.0,51,1,389.12,1,Regular Customers
16643.0,58,1,435.6,1,Regular Customers
16645.0,368,1,160.39,2,At-Risk Customers
16646.0,85,1,678.8,1,Regular Customers
16647.0,78,2,327.84,1,Regular Customers
16648.0,91,2,382.14,1,Regular Customers
16649.0,156,1,306.58,2,At-Risk Customers
16650.0,56,6,1397.69,1,Regular Customers
16651.0,222,1,136.2,2,At-Risk Customers
16652.0,40,9,10776.42,0,Loyal High-Value Customers
16654.0,4,5,1110.2,1,Regular Customers
16655.0,47,7,2633.74,1,Regular Customers
16656.0,56,15,8207.37,0,Loyal High-Value Customers
16658.0,4,6,690.83,1,Regular Customers
16660.0,58,3,611.9,1,Regular Customers
16661.0,176,4,932.76,2,At-Risk Customers
16662.0,30,1,151.05,1,Regular Customers
16663.0,365,1,165.0,2,At-Risk Customers
16664.0,205,1,109.2,2,At-Risk Customers
16666.0,257,1,98.73,2,At-Risk Customers
16668.0,23,7,555.7,1,Regular Customers
16670.0,29,9,3934.25,0,Loyal High-Value Customers
16673.0,315,1,171.13,2,At-Risk Customers
16675.0,77,2,608.86,1,Regular Customers
16676.0,38,2,769.78,1,Regular Customers
16677.0,47,2,880.62,1,Regular Customers
16679.0,2,3,663.31,1,Regular Customers
16680.0,164,2,637.75,2,At-Risk Customers
16681.0,277,1,151.5,2,At-Risk Customers
16683.0,169,1,320.25,2,At-Risk Customers
16684.0,15,27,20004.390600000017,3,VIP Customers
16686.0,25,9,1921.19,1,Regular Customers
16687.0,26,1,157.63,1,Regular Customers
16690.0,29,2,127.45,1,Regular Customers
16691.0,54,2,178.83,1,Regular Customers
16692.0,44,2,638.6999999999999,1,Regular Customers
16693.0,47,3,701.62,1,Regular Customers
16694.0,359,1,98.30000000000001,2,At-Risk Customers
16695.0,197,2,191.9,2,At-Risk Customers
16699.0,16,7,994.6,1,Regular Customers
16700.0,2,13,4091.16,0,Loyal High-Value Customers
16701.0,59,13,4518.43,0,Loyal High-Value Customers
16702.0,51,4,1110.83,1,Regular Customers
16704.0,254,2,664.16,2,At-Risk Customers
16705.0,36,22,20004.390600000017,3,VIP Customers
16707.0,36,4,533.41,1,Regular Customers
16709.0,15,9,6026.14,0,Loyal High-Value Customers
16710.0,4,13,3823.78,0,Loyal High-Value Customers
16711.0,15,4,1217.45,1,Regular Customers
16712.0,37,2,621.5600000000001,1,Regular Customers
16713.0,2,18,7619.21,0,Loyal High-Value Customers
16714.0,306,1,368.27,2,At-Risk Customers
16715.0,198,1,323.8,2,At-Risk Customers
16716.0,266,1,1248.48,2,At-Risk Customers
16717.0,2,9,3127.85,0,Loyal High-Value Customers
16718.0,5,5,3006.08,1,Regular Customers
16719.0,4,8,2174.13,1,Regular Customers
16720.0,12,2,605.79,1,Regular Customers
16722.0,2,11,4258.27,0,Loyal High-Value Customers
16723.0,79,2,654.96,1,Regular Customers
16724.0,40,1,147.35,1,Regular Customers
16725.0,7,8,1052.14,1,Regular Customers
16726.0,19,2,705.14,1,Regular Customers
16727.0,28,3,1121.45,1,Regular Customers
16731.0,284,1,170.3,2,At-Risk Customers
16732.0,39,3,3783.89,1,Regular Customers
16733.0,165,1,259.68,2,At-Risk Customers
16735.0,29,9,3970.0,0,Loyal High-Value Customers
16736.0,141,5,2956.56,1,Regular Customers
16737.0,213,1,417.6,2,At-Risk Customers
16739.0,172,1,463.43,2,At-Risk Customers
16740.0,31,1,226.91,1,Regular Customers
16741.0,261,1,173.06,2,At-Risk Customers
16742.0,128,13,2334.9700000000003,0,Loyal High-Value Customers
16743.0,92,7,1999.02,1,Regular Customers
16746.0,19,24,11366.64,0,Loyal High-Value Customers
16748.0,24,9,2121.43,1,Regular Customers
16749.0,227,2,4157.88,2,At-Risk Customers
16752.0,8,1,207.5,1,Regular Customers
16754.0,8,29,20004.390600000017,3,VIP Customers
16755.0,103,4,1389.25,1,Regular Customers
16756.0,40,6,1072.97,1,Regular Customers
16757.0,45,1,163.65,1,Regular Customers
16760.0,66,1,228.0,1,Regular Customers
16763.0,368,1,352.85,2,At-Risk Customers
16765.0,18,1,420.75,1,Regular Customers
16767.0,54,4,2481.2,1,Regular Customers
16768.0,19,6,1220.48,1,Regular Customers
16769.0,114,3,755.51,1,Regular Customers
16770.0,8,5,1152.63,1,Regular Customers
16771.0,93,5,1706.99,1,Regular Customers
16772.0,59,3,3698.05,1,Regular Customers
16773.0,72,2,249.65,1,Regular Customers
16774.0,59,4,905.96,1,Regular Customers
16775.0,3,6,1361.23,1,Regular Customers
16776.0,51,1,220.97,1,Regular Customers
16777.0,49,3,1069.56,1,Regular Customers
16779.0,2,31,20004.390600000017,3,VIP Customers
16780.0,43,1,174.16,1,Regular Customers
16781.0,8,2,623.0,1,Regular Customers
16782.0,1,26,7732.37,0,Loyal High-Value Customers
16783.0,72,1,391.95,1,Regular Customers
16784.0,12,4,784.73,1,Regular Customers
16785.0,45,1,533.78,1,Regular Customers
16786.0,29,1,51.84,1,Regular Customers
16787.0,33,4,1017.53,1,Regular Customers
16788.0,40,3,1334.54,1,Regular Customers
16791.0,19,8,2251.85,1,Regular Customers
16792.0,19,3,513.08,1,Regular Customers
16794.0,16,5,856.1999999999999,1,Regular Customers
16795.0,1,3,2062.41,1,Regular Customers
16797.0,29,5,1802.02,1,Regular Customers
16798.0,190,3,841.16,2,At-Risk Customers
16799.0,68,2,452.78000000000003,1,Regular Customers
16802.0,315,2,582.61,2,At-Risk Customers
16805.0,213,3,630.75,2,At-Risk Customers
16807.0,106,3,1002.29,1,Regular Customers
16809.0,68,4,812.74,1,Regular Customers
16810.0,56,1,532.5,1,Regular Customers
16812.0,14,3,1912.65,1,Regular Customers
16814.0,5,16,5781.4400000000005,0,Loyal High-Value Customers
16815.0,89,2,406.02,1,Regular Customers
16817.0,4,5,1200.15,1,Regular Customers
16819.0,101,2,182.59,1,Regular Customers
16821.0,17,1,113.35,1,Regular Customers
16822.0,322,1,181.39,2,At-Risk Customers
16823.0,23,6,1884.71,1,Regular Customers
16824.0,29,1,225.6,1,Regular Customers
16825.0,14,3,1051.71,1,Regular Customers
16827.0,29,5,392.13,1,Regular Customers
16829.0,24,1,316.1,1,Regular Customers
16830.0,78,3,881.59,1,Regular Customers
16831.0,200,1,91.8,2,At-Risk Customers
16832.0,64,2,218.46,1,Regular Customers
16833.0,75,2,1302.51,1,Regular Customers
16834.0,310,1,485.5,2,At-Risk Customers
16835.0,9,5,1357.56,1,Regular Customers
16836.0,42,2,530.5,1,Regular Customers
16838.0,166,2,570.76,2,At-Risk Customers
16839.0,5,11,5716.14,0,Loyal High-Value Customers
16840.0,239,2,139.85,2,At-Risk Customers
16841.0,64,6,2136.2400000000002,1,Regular Customers
16843.0,58,19,9374.86,0,Loyal High-Value Customers
16844.0,198,2,614.34,2,At-Risk Customers
16845.0,254,1,253.88,2,At-Risk Customers
16846.0,213,2,628.09,2,At-Risk Customers
16847.0,254,1,421.45,2,At-Risk Customers
16848.0,12,3,1130.2,1,Regular Customers
16854.0,53,2,1408.96,1,Regular Customers
16856.0,53,2,323.09000000000003,1,Regular Customers
16857.0,78,1,352.8,1,Regular Customers
16858.0,4,10,4292.59,0,Loyal High-Value Customers
16859.0,52,5,1184.6,1,Regular Customers
16860.0,88,3,1610.62,1,Regular Customers
16861.0,26,3,772.83,1,Regular Customers
16862.0,183,4,662.33,2,At-Risk Customers
16863.0,2,2,495.72,1,Regular Customers
16864.0,70,2,409.25,1,Regular Customers
16865.0,37,1,130.95,1,Regular Customers
16867.0,325,1,76.74000000000001,2,At-Risk Customers
16868.0,30,3,384.56,1,Regular Customers
16870.0,105,1,450.16,1,Regular Customers
16872.0,63,3,533.11,1,Regular Customers
16873.0,65,6,7493.77,0,Loyal High-Value Customers
16874.0,15,1,209.89000000000001,1,Regular Customers
16875.0,73,6,2139.0,1,Regular Customers
16876.0,39,1,136.01,1,Regular Customers
16880.0,129,1,321.78000000000003,1,Regular Customers
16883.0,7,18,2101.61,0,Loyal High-Value Customers
16884.0,192,2,641.13,2,At-Risk Customers
16885.0,21,1,234.19,1,Regular Customers
16886.0,92,1,134.0,1,Regular Customers
16887.0,36,2,465.84000000000003,1,Regular Customers
16888.0,36,3,434.2,1,Regular Customers
16889.0,33,3,947.98,1,Regular Customers
16890.0,112,3,285.41,1,Regular Customers
16891.0,7,7,1202.77,1,Regular Customers
16892.0,190,2,236.56,2,At-Risk Customers
16893.0,2,2,249.89000000000001,1,Regular Customers
16894.0,138,3,1306.96,1,Regular Customers
16895.0,74,4,900.63,1,Regular Customers
16896.0,191,1,103.95,2,At-Risk Customers
16898.0,4,3,496.26,1,Regular Customers
16899.0,14,2,424.71000000000004,1,Regular Customers
16901.0,365,1,204.26,2,At-Risk Customers
16903.0,16,2,678.55,1,Regular Customers
16904.0,3,7,1360.31,1,Regular Customers
16905.0,7,11,1923.57,0,Loyal High-Value Customers
16906.0,64,3,851.33,1,Regular Customers
16907.0,1,5,722.0500000000001,1,Regular Customers
16908.0,358,1,252.59,2,At-Risk Customers
16911.0,271,2,255.25,2,At-Risk Customers
16912.0,57,4,1904.93,1,Regular Customers
16913.0,287,2,310.47,2,At-Risk Customers
16915.0,22,5,921.5,1,Regular Customers
16916.0,8,3,536.04,1,Regular Customers
16917.0,268,1,1460.3600000000001,2,At-Risk Customers
16918.0,58,10,2137.72,0,Loyal High-Value Customers
16919.0,4,14,2515.76,0,Loyal High-Value Customers
16920.0,47,1,355.45,1,Regular Customers
16921.0,78,2,255.03,1,Regular Customers
16922.0,208,1,611.08,2,At-Risk Customers
16923.0,11,13,6088.05,0,Loyal High-Value Customers
16925.0,176,1,125.65,2,At-Risk Customers
16926.0,7,5,1169.6100000000001,1,Regular Customers
16928.0,9,13,1199.08,0,Loyal High-Value Customers
16931.0,5,3,629.4,1,Regular Customers
16932.0,59,2,262.32,1,Regular Customers
16933.0,25,7,2536.07,1,Regular Customers
16934.0,19,4,1152.1100000000001,1,Regular Customers
16935.0,17,3,530.86,1,Regular Customers
16936.0,21,1,286.39,1,Regular Customers
16937.0,135,1,196.25,1,Regular Customers
16938.0,17,5,4283.68,1,Regular Customers
16939.0,124,3,433.84999999999997,1,Regular Customers
16940.0,86,5,3377.78,1,Regular Customers
16941.0,247,1,40.586400000000005,2,At-Risk Customers
16943.0,175,2,482.76,2,At-Risk Customers
16944.0,245,1,101.36,2,At-Risk Customers
16945.0,29,14,4202.66,0,Loyal High-Value Customers
16946.0,19,5,1222.04,1,Regular Customers
16947.0,98,4,548.73,1,Regular Customers
16948.0,65,4,433.75,1,Regular Customers
16950.0,3,8,2535.21,1,Regular Customers
16952.0,77,3,628.22,1,Regular Customers
16954.0,15,11,3996.7999999999997,0,Loyal High-Value Customers
16955.0,4,4,790.74,1,Regular Customers
16958.0,71,1,778.49,1,Regular Customers
16960.0,26,5,1483.83,1,Regular Customers
16961.0,24,2,560.39,1,Regular Customers
16962.0,45,1,251.04,1,Regular Customers
16964.0,368,2,207.85,2,At-Risk Customers
16970.0,262,1,71.4,2,At-Risk Customers
16972.0,18,2,749.0,1,Regular Customers
16973.0,22,1,127.0,1,Regular Customers
16974.0,158,2,365.5,2,At-Risk Customers
16975.0,59,3,926.12,1,Regular Customers
16977.0,31,4,496.0,1,Regular Customers
16978.0,302,2,424.55,2,At-Risk Customers
16979.0,19,3,1007.74,1,Regular Customers
16980.0,64,1,394.37,1,Regular Customers
16983.0,5,5,1748.15,1,Regular Customers
16984.0,40,7,5891.01,0,Loyal High-Value Customers
16985.0,12,13,5459.04,0,Loyal High-Value Customers
16986.0,81,9,3015.55,0,Loyal High-Value Customers
16987.0,12,4,904.6,1,Regular Customers
16988.0,15,1,256.55,1,Regular Customers
16990.0,58,1,165.0,1,Regular Customers
16991.0,57,1,1041.21,1,Regular Customers
16992.0,23,8,3862.19,0,Loyal High-Value Customers
16993.0,99,2,1950.95,1,Regular Customers
16996.0,18,3,666.6500000000001,1,Regular Customers
16998.0,80,1,107.0,1,Regular Customers
17000.0,32,2,406.3,1,Regular Customers
17001.0,12,8,2651.23,1,Regular Customers
17002.0,79,4,1077.82,1,Regular Customers
17003.0,38,4,828.21,1,Regular Customers
17004.0,28,2,1012.22,1,Regular Customers
17005.0,106,2,622.36,1,Regular Customers
17006.0,28,4,853.49,1,Regular Customers
17007.0,73,1,230.17000000000002,1,Regular Customers
17008.0,65,1,81.36,1,Regular Customers
17009.0,187,1,242.06,2,At-Risk Customers
17011.0,283,2,400.8,2,At-Risk Customers
17012.0,361,1,360.61,2,At-Risk Customers
17016.0,212,1,552.4,2,At-Risk Customers
17017.0,1,13,5416.35,0,Loyal High-Value Customers
17018.0,23,4,1367.6,1,Regular Customers
17019.0,4,8,2703.03,1,Regular Customers
17020.0,178,2,935.62,2,At-Risk Customers
17021.0,78,6,1182.22,1,Regular Customers
17022.0,68,1,189.0,1,Regular Customers
17023.0,53,3,800.1800000000001,1,Regular Customers
17025.0,9,4,1152.8700000000001,1,Regular Customers
17026.0,5,2,54.15,1,Regular Customers
17027.0,82,3,433.07,1,Regular Customers
17028.0,217,3,1593.83,2,At-Risk Customers
17029.0,18,5,1421.3,1,Regular Customers
17031.0,14,4,2393.5,1,Regular Customers
17032.0,183,8,2984.32,2,At-Risk Customers
17033.0,33,1,302.65000000000003,1,Regular Customers
17034.0,45,2,530.9,1,Regular Customers
17035.0,227,2,180.06,2,At-Risk Customers
17036.0,19,1,176.9,1,Regular Customers
17038.0,51,1,630.77,1,Regular Customers
17039.0,240,1,1954.99,2,At-Risk Customers
17040.0,186,1,40.586400000000005,2,At-Risk Customers
17041.0,33,3,583.71,1,Regular Customers
17043.0,11,4,858.47,1,Regular Customers
17044.0,10,11,11013.82,0,Loyal High-Value Customers
17045.0,12,2,488.24,1,Regular Customers
17046.0,80,4,1264.05,1,Regular Customers
17047.0,67,3,1188.33,1,Regular Customers
17048.0,73,4,1146.33,1,Regular Customers
17049.0,11,10,4287.5,0,Loyal High-Value Customers
17050.0,11,5,1462.95,1,Regular Customers
17051.0,82,3,465.6,1,Regular Customers
17055.0,81,1,232.85000000000002,1,Regular Customers
17056.0,368,1,128.60000000000002,2,At-Risk Customers
17057.0,232,1,294.74,2,At-Risk Customers
17059.0,5,5,2506.54,1,Regular Customers
17062.0,1,4,645.8100000000001,1,Regular Customers
17063.0,43,6,2177.39,1,Regular Customers
17065.0,273,2,194.7,2,At-Risk Customers
17066.0,362,1,228.34,2,At-Risk Customers
17067.0,360,3,454.54,2,At-Risk Customers
17068.0,4,27,4601.69,0,Loyal High-Value Customers
17069.0,9,6,3084.58,1,Regular Customers
17070.0,46,1,133.18,1,Regular Customers
17071.0,17,4,1364.68,1,Regular Customers
17072.0,261,1,273.35,2,At-Risk Customers
17074.0,198,1,203.05,2,At-Risk Customers
17075.0,65,6,1402.51,1,Regular Customers
17076.0,28,3,401.67,1,Regular Customers
17077.0,214,1,306.0,2,At-Risk Customers
17080.0,15,5,669.91,1,Regular Customers
17081.0,31,4,660.48,1,Regular Customers
17082.0,30,4,2728.18,1,Regular Customers
17083.0,45,6,2644.01,1,Regular Customers
17084.0,32,1,2253.22,1,Regular Customers
17085.0,12,23,6285.27,0,Loyal High-Value Customers
17087.0,368,1,221.53,2,At-Risk Customers
17089.0,22,1,128.45,1,Regular Customers
17090.0,10,6,1105.53,1,Regular Customers
17091.0,3,11,3961.44,0,Loyal High-Value Customers
17092.0,73,7,3737.38,1,Regular Customers
17093.0,228,1,235.88,2,At-Risk Customers
17094.0,59,1,100.2,1,Regular Customers
17095.0,66,4,1248.09,1,Regular Customers
17096.0,19,7,2675.8,1,Regular Customers
17097.0,1,2,363.66,1,Regular Customers
17098.0,17,3,591.07,1,Regular Customers
17099.0,169,1,582.17,2,At-Risk Customers
17101.0,30,3,885.32,1,Regular Customers
17103.0,358,1,424.3,2,At-Risk Customers
17104.0,59,1,474.03000000000003,1,Regular Customers
17106.0,25,1,481.58000000000004,1,Regular Customers
17107.0,33,4,5255.24,1,Regular Customers
17108.0,299,1,174.95,2,At-Risk Customers
17109.0,42,2,410.42,1,Regular Customers
17110.0,156,2,336.6,2,At-Risk Customers
17111.0,61,1,227.97,1,Regular Customers
17112.0,138,1,197.57,1,Regular Customers
17113.0,210,6,2305.59,2,At-Risk Customers
17115.0,184,4,1923.99,2,At-Risk Customers
17116.0,284,1,389.78,2,At-Risk Customers
17121.0,38,1,314.74,1,Regular Customers
17122.0,24,3,432.18,1,Regular Customers
17123.0,75,2,631.87,1,Regular Customers
17126.0,17,4,1026.98,1,Regular Customers
17127.0,64,5,1155.0300000000002,1,Regular Customers
17129.0,156,1,40.586400000000005,2,At-Risk Customers
17132.0,88,2,1220.91,1,Regular Customers
17133.0,110,5,9730.09,0,Loyal High-Value Customers
17134.0,78,1,212.1,1,Regular Customers
17135.0,7,4,798.03,1,Regular Customers
17136.0,298,1,231.68,2,At-Risk Customers
17137.0,52,6,1099.81,1,Regular Customers
17138.0,25,6,4036.77,1,Regular Customers
17139.0,25,13,8915.99,0,Loyal High-Value Customers
17141.0,54,4,727.58,1,Regular Customers
17142.0,40,3,696.25,1,Regular Customers
17143.0,53,2,880.97,1,Regular Customers
17145.0,148,4,3120.91,2,At-Risk Customers
17146.0,71,10,5102.86,0,Loyal High-Value Customers
17147.0,88,5,1485.36,1,Regular Customers
17149.0,87,1,143.10000000000002,1,Regular Customers
17150.0,12,6,1357.95,1,Regular Customers
17151.0,368,1,231.90000000000003,2,At-Risk Customers
17152.0,61,1,327.0,1,Regular Customers
17155.0,163,5,640.76,2,At-Risk Customers
17156.0,127,1,591.87,1,Regular Customers
17157.0,116,17,4832.900000000001,0,Loyal High-Value Customers
17158.0,183,2,713.03,2,At-Risk Customers
17159.0,113,2,560.71,1,Regular Customers
17160.0,10,11,6691.13,0,Loyal High-Value Customers
17161.0,80,1,856.01,1,Regular Customers
17163.0,81,2,406.68,1,Regular Customers
17165.0,17,5,1635.64,1,Regular Customers
17167.0,15,3,867.11,1,Regular Customers
17168.0,134,1,400.2,1,Regular Customers
17169.0,214,1,320.95,2,At-Risk Customers
17170.0,10,2,178.68,1,Regular Customers
17171.0,297,1,159.68,2,At-Risk Customers
17172.0,66,2,638.81,1,Regular Customers
17176.0,162,2,596.1899999999999,2,At-Risk Customers
17177.0,141,1,119.5,2,At-Risk Customers
17178.0,367,1,432.96000000000004,2,At-Risk Customers
17179.0,18,3,795.47,1,Regular Customers
17180.0,58,7,1452.8,1,Regular Customers
17181.0,9,2,225.45000000000002,1,Regular Customers
17182.0,58,2,321.3,1,Regular Customers
17184.0,205,2,198.41000000000003,2,At-Risk Customers
17185.0,227,3,229.46,2,At-Risk Customers
17187.0,162,1,263.76,2,At-Risk Customers
17188.0,82,6,2118.7000000000003,1,Regular Customers
17189.0,196,3,569.88,2,At-Risk Customers
17190.0,39,5,1281.83,1,Regular Customers
17191.0,4,11,2726.77,0,Loyal High-Value Customers
17192.0,172,1,75.28,2,At-Risk Customers
17193.0,22,2,610.74,1,Regular Customers
17194.0,166,1,549.88,2,At-Risk Customers
17195.0,291,1,562.98,2,At-Risk Customers
17196.0,63,1,327.75,1,Regular Customers
17198.0,1,2,521.66,1,Regular Customers
17199.0,218,1,135.04000000000002,2,At-Risk Customers
17200.0,23,4,356.71,1,Regular Customers
17201.0,159,3,853.32,2,At-Risk Customers
17202.0,56,1,160.65,1,Regular Customers
17203.0,24,4,2004.01,1,Regular Customers
17204.0,10,5,3940.13,1,Regular Customers
17205.0,52,2,615.27,1,Regular Customers
17207.0,288,1,292.62,2,At-Risk Customers
17208.0,31,1,111.15,1,Regular Customers
17209.0,285,3,595.7,2,At-Risk Customers
17210.0,28,1,251.72,1,Regular Customers
17211.0,5,6,1729.43,1,Regular Customers
17212.0,94,2,567.56,1,Regular Customers
17213.0,2,7,2401.07,1,Regular Customers
17215.0,100,1,186.15,1,Regular Customers
17216.0,190,1,63.6,2,At-Risk Customers
17217.0,255,1,96.6,2,At-Risk Customers
17218.0,4,9,2226.96,1,Regular Customers
17219.0,52,1,144.9,1,Regular Customers
17220.0,53,7,1269.76,1,Regular Customers
17221.0,227,3,642.14,2,At-Risk Customers
17222.0,113,5,1250.8600000000001,1,Regular Customers
17223.0,4,2,433.99,1,Regular Customers
17224.0,137,1,100.86000000000001,1,Regular Customers
17225.0,217,1,131.15,2,At-Risk Customers
17226.0,80,2,501.98,1,Regular Customers
17227.0,4,7,1081.8600000000001,1,Regular Customers
17228.0,3,7,1269.89,1,Regular Customers
17230.0,199,10,5750.08,2,At-Risk Customers
17231.0,25,15,3940.08,0,Loyal High-Value Customers
17233.0,84,2,369.98,1,Regular Customers
17235.0,8,7,1354.82,1,Regular Customers
17236.0,46,6,1013.13,1,Regular Customers
17237.0,11,2,679.44,1,Regular Customers
17238.0,7,17,3982.66,0,Loyal High-Value Customers
17239.0,23,3,806.95,1,Regular Customers
17240.0,232,1,130.60000000000002,2,At-Risk Customers
17241.0,21,12,2736.64,0,Loyal High-Value Customers
17242.0,92,3,1754.24,1,Regular Customers
17243.0,5,31,11920.43,3,VIP Customers
17244.0,19,4,871.14,1,Regular Customers
17245.0,325,1,200.18,2,At-Risk Customers
17246.0,182,2,40.586400000000005,2,At-Risk Customers
17248.0,117,1,181.89000000000001,1,Regular Customers
17249.0,64,1,68.03,1,Regular Customers
17251.0,18,2,529.15,1,Regular Customers
17254.0,37,1,198.29,1,Regular Customers
17255.0,26,2,490.21999999999997,1,Regular Customers
17256.0,117,3,258.93,1,Regular Customers
17257.0,72,2,189.78,1,Regular Customers
17258.0,32,2,417.3,1,Regular Customers
17259.0,4,5,1239.11,1,Regular Customers
17260.0,47,1,120.95,1,Regular Customers
17261.0,145,1,221.59,2,At-Risk Customers
17262.0,2,7,1504.26,1,Regular Customers
17264.0,60,1,268.28,1,Regular Customers
17266.0,135,2,205.14,1,Regular Customers
17268.0,81,7,970.25,1,Regular Customers
17269.0,21,1,491.81,1,Regular Customers
17270.0,105,2,601.45,1,Regular Customers
17271.0,368,1,204.3,2,At-Risk Customers
17273.0,60,1,141.12,1,Regular Customers
17274.0,31,1,465.4,1,Regular Customers
17275.0,19,1,114.1,1,Regular Customers
17276.0,38,1,502.49,1,Regular Customers
17278.0,201,1,40.586400000000005,2,At-Risk Customers
17280.0,74,1,118.86,1,Regular Customers
17281.0,10,6,797.85,1,Regular Customers
17282.0,92,2,623.08,1,Regular Customers
17283.0,14,1,188.46,1,Regular Customers
17284.0,25,2,1140.58,1,Regular Customers
17285.0,264,2,407.94,2,At-Risk Customers
17286.0,36,2,237.81,1,Regular Customers
17287.0,3,16,3000.5,0,Loyal High-Value Customers
17288.0,26,4,1050.8,1,Regular Customers
17289.0,12,6,1110.78,1,Regular Customers
17290.0,17,6,974.95,1,Regular Customers
17292.0,108,2,271.75,1,Regular Customers
17293.0,30,8,1896.57,1,Regular Customers
17294.0,305,2,467.79,2,At-Risk Customers
17296.0,366,1,338.13,2,At-Risk Customers
17298.0,10,3,455.84,1,Regular Customers
17299.0,75,2,336.62,1,Regular Customers
17300.0,26,2,393.64,1,Regular Customers
17301.0,260,1,131.15,2,At-Risk Customers
17304.0,170,1,111.5,2,At-Risk Customers
17305.0,284,1,2135.46,2,At-Risk Customers
17306.0,29,2,1151.04,1,Regular Customers
17307.0,31,11,3999.8900000000003,0,Loyal High-Value Customers
17308.0,29,2,4511.76,1,Regular Customers
17309.0,17,2,237.64000000000001,1,Regular Customers
17310.0,23,2,1025.1,1,Regular Customers
17311.0,28,4,2181.71,1,Regular Customers
17314.0,29,9,2376.51,1,Regular Customers
17315.0,11,5,3318.35,1,Regular Customers
17316.0,56,1,124.45,1,Regular Customers
17318.0,361,1,157.32999999999998,2,At-Risk Customers
17319.0,305,1,40.586400000000005,2,At-Risk Customers
17320.0,4,4,1695.15,1,Regular Customers
17321.0,30,4,1008.05,1,Regular Customers
17322.0,12,5,922.59,1,Regular Customers
17323.0,43,5,644.52,1,Regular Customers
17324.0,2,9,1311.64,1,Regular Customers
17325.0,46,2,512.77,1,Regular Customers
17326.0,44,2,312.35,1,Regular Customers
17327.0,45,2,152.35,1,Regular Customers
17328.0,309,1,104.7,2,At-Risk Customers
17329.0,367,3,475.42,2,At-Risk Customers
17330.0,180,2,59.900000000000006,2,At-Risk Customers
17332.0,164,5,838.27,2,At-Risk Customers
17334.0,42,1,328.13,1,Regular Customers
17335.0,19,2,497.04,1,Regular Customers
17336.0,108,1,81.12,1,Regular Customers
17338.0,11,9,5395.79,0,Loyal High-Value Customers
17339.0,1,2,119.0,1,Regular Customers
17340.0,2,8,9935.93,0,Loyal High-Value Customers
17341.0,2,3,1006.53,1,Regular Customers
17342.0,15,4,1227.54,1,Regular Customers
17343.0,12,5,1066.3,1,Regular Customers
17344.0,364,1,299.74,2,At-Risk Customers
17345.0,11,6,1066.94,1,Regular Customers
17346.0,9,12,2509.84,0,Loyal High-Value Customers
17348.0,73,4,1285.69,1,Regular Customers
17349.0,16,4,674.16,1,Regular Customers
17350.0,30,3,612.381,1,Regular Customers
17351.0,63,9,1401.08,1,Regular Customers
17352.0,332,1,40.586400000000005,2,At-Risk Customers
17353.0,127,2,1502.0,1,Regular Customers
17354.0,64,3,1740.8999999999999,1,Regular Customers
17355.0,22,1,273.31,1,Regular Customers
17356.0,190,4,768.25,2,At-Risk Customers
17358.0,12,3,500.2,1,Regular Customers
17359.0,284,1,156.6,2,At-Risk Customers
17360.0,21,3,632.27,1,Regular Customers
17361.0,312,2,383.59000000000003,2,At-Risk Customers
17362.0,36,5,711.8100000000001,1,Regular Customers
17363.0,31,3,920.46,1,Regular Customers
17364.0,12,17,7510.24,0,Loyal High-Value Customers
17365.0,22,7,3417.13,1,Regular Customers
17366.0,68,2,1077.24,1,Regular Customers
17368.0,11,6,879.42,1,Regular Customers
17369.0,91,1,979.2,1,Regular Customers
17371.0,259,3,236.97,2,At-Risk Customers
17372.0,17,20,3010.13,0,Loyal High-Value Customers
17373.0,54,3,520.58,1,Regular Customers
17374.0,31,1,231.34,1,Regular Customers
17375.0,67,1,260.45,1,Regular Customers
17376.0,40,2,250.44,1,Regular Customers
17377.0,1,31,14174.25,3,VIP Customers
17378.0,10,1,40.586400000000005,1,Regular Customers
17380.0,70,3,645.0,1,Regular Customers
17381.0,4,12,19726.76,0,Loyal High-Value Customers
17382.0,71,7,836.88,1,Regular Customers
17383.0,89,1,110.7,1,Regular Customers
17384.0,103,1,171.15,1,Regular Customers
17386.0,21,1,126.35000000000001,1,Regular Customers
17388.0,56,7,1415.81,1,Regular Customers
17389.0,10,27,20004.390600000017,3,VIP Customers
17390.0,56,1,149.3,1,Regular Customers
17392.0,86,1,168.65,1,Regular Customers
17393.0,46,2,381.15000000000003,1,Regular Customers
17395.0,144,1,97.5,2,At-Risk Customers
17396.0,7,7,1476.3,1,Regular Customers
17397.0,52,1,516.87,1,Regular Customers
17400.0,217,3,2525.44,2,At-Risk Customers
17401.0,177,1,114.85,2,At-Risk Customers
17402.0,5,12,2461.68,0,Loyal High-Value Customers
17403.0,86,1,118.95,1,Regular Customers
17404.0,45,8,15874.300000000001,0,Loyal High-Value Customers
17406.0,2,11,2704.63,0,Loyal High-Value Customers
17407.0,47,1,552.9,1,Regular Customers
17408.0,136,2,283.44,1,Regular Customers
17409.0,57,8,7021.66,0,Loyal High-Value Customers
17411.0,22,2,646.44,1,Regular Customers
17412.0,8,10,3159.46,0,Loyal High-Value Customers
17413.0,40,2,560.14,1,Regular Customers
17414.0,59,4,1471.52,1,Regular Customers
17416.0,29,15,10405.03,0,Loyal High-Value Customers
17417.0,184,1,164.18,2,At-Risk Customers
17418.0,23,1,206.6,1,Regular Customers
17419.0,3,8,2273.95,1,Regular Customers
17420.0,9,4,485.6,1,Regular Customers
17421.0,22,3,1059.41,1,Regular Customers
17422.0,17,5,1615.39,1,Regular Customers
17423.0,29,1,420.54,1,Regular Customers
17426.0,88,7,3040.51,1,Regular Customers
17428.0,4,18,14562.91,0,Loyal High-Value Customers
17429.0,32,2,832.54,1,Regular Customers
17430.0,1,3,469.40999999999997,1,Regular Customers
17432.0,21,7,1363.23,1,Regular Customers
17433.0,21,1,266.8,1,Regular Customers
17435.0,47,1,331.35,1,Regular Customers
17436.0,44,3,317.76,1,Regular Customers
17437.0,165,1,369.68,2,At-Risk Customers
17438.0,80,4,1034.32,1,Regular Customers
17439.0,291,1,325.74,2,At-Risk Customers
17440.0,185,1,137.16,2,At-Risk Customers
17441.0,368,1,293.35,2,At-Risk Customers
17442.0,17,9,2371.7400000000002,1,Regular Customers
17448.0,133,31,14523.67,3,VIP Customers
17449.0,23,6,2348.94,1,Regular Customers
17450.0,3,7,20004.390600000017,3,VIP Customers
17454.0,98,6,1030.41,1,Regular Customers
17456.0,1,2,975.5600000000001,1,Regular Customers
17457.0,15,9,4247.11,0,Loyal High-Value Customers
17458.0,17,1,213.08,1,Regular Customers
17460.0,8,12,1605.8400000000001,0,Loyal High-Value Customers
17463.0,196,2,659.4,2,At-Risk Customers
17464.0,158,2,617.1800000000001,2,At-Risk Customers
17465.0,61,7,2542.79,1,Regular Customers
17467.0,31,1,102.6,1,Regular Customers
17468.0,11,1,57.8,1,Regular Customers
17469.0,36,12,3180.28,0,Loyal High-Value Customers
17470.0,3,7,1679.8,1,Regular Customers
17471.0,110,1,321.65000000000003,1,Regular Customers
17472.0,264,1,224.81,2,At-Risk Customers
17473.0,44,2,607.0,1,Regular Customers
17474.0,235,1,1047.0,2,At-Risk Customers
17476.0,31,2,489.86,1,Regular Customers
17477.0,248,2,1144.3,2,At-Risk Customers
17478.0,44,2,1272.8000000000002,1,Regular Customers
17479.0,268,1,389.26000000000005,2,At-Risk Customers
17480.0,80,1,370.41,1,Regular Customers
17482.0,123,2,775.64,1,Regular Customers
17483.0,50,1,177.69,1,Regular Customers
17484.0,212,2,209.57,2,At-Risk Customers
17487.0,364,1,160.55,2,At-Risk Customers
17488.0,277,1,336.5,2,At-Risk Customers
17490.0,24,2,658.1800000000001,1,Regular Customers
17491.0,3,8,2422.2,1,Regular Customers
17492.0,114,2,747.85,1,Regular Customers
17493.0,21,1,100.91,1,Regular Customers
17494.0,137,1,54.7,1,Regular Customers
17495.0,26,1,309.16,1,Regular Customers
17496.0,199,3,1141.84,2,At-Risk Customers
17497.0,26,2,287.25,1,Regular Customers
17499.0,197,1,718.51,2,At-Risk Customers
17504.0,16,9,6493.14,0,Loyal High-Value Customers
17505.0,186,3,1289.64,2,At-Risk Customers
17508.0,17,7,4191.92,0,Loyal High-Value Customers
17510.0,56,1,206.08,1,Regular Customers
17511.0,3,31,20004.390600000017,3,VIP Customers
17512.0,88,8,2542.83,1,Regular Customers
17513.0,44,2,645.6,1,Regular Customers
17514.0,305,1,313.35,2,At-Risk Customers
17515.0,30,5,963.49,1,Regular Customers
17516.0,14,1,182.62,1,Regular Customers
17518.0,61,2,329.42,1,Regular Customers
17519.0,4,10,3265.4500000000003,0,Loyal High-Value Customers
17521.0,30,2,554.85,1,Regular Customers
17524.0,74,2,394.14,1,Regular Customers
17525.0,33,2,739.2,1,Regular Customers
17526.0,1,9,2970.14,0,Loyal High-Value Customers
17529.0,246,2,1240.25,2,At-Risk Customers
17530.0,1,3,725.21,1,Regular Customers
17531.0,163,2,970.12,2,At-Risk Customers
17532.0,21,1,65.34,1,Regular Customers
17533.0,70,1,40.586400000000005,1,Regular Customers
17534.0,87,4,1445.47,1,Regular Customers
17536.0,56,2,288.33,1,Regular Customers
17539.0,253,4,1176.84,2,At-Risk Customers
17540.0,19,4,1011.7,1,Regular Customers
17541.0,145,1,119.86,2,At-Risk Customers
17542.0,277,2,170.1,2,At-Risk Customers
17543.0,185,1,120.05,2,At-Risk Customers
17544.0,26,3,944.82,1,Regular Customers
17545.0,26,3,767.54,1,Regular Customers
17547.0,11,2,727.85,1,Regular Customers
17548.0,14,3,627.96,1,Regular Customers
17550.0,33,6,2239.48,1,Regular Customers
17552.0,8,10,2154.88,0,Loyal High-Value Customers
17553.0,108,3,2270.0,1,Regular Customers
17555.0,61,3,565.43,1,Regular Customers
17556.0,15,1,142.77,1,Regular Customers
17557.0,368,1,40.586400000000005,2,At-Risk Customers
17558.0,29,1,259.17,1,Regular Customers
17559.0,148,1,167.62,2,At-Risk Customers
17560.0,31,4,1040.85,1,Regular Customers
17561.0,26,3,537.9,1,Regular Customers
17563.0,214,2,392.38,2,At-Risk Customers
17565.0,222,1,131.83,2,At-Risk Customers
17567.0,8,2,1024.55,1,Regular Customers
17568.0,269,1,374.45,2,At-Risk Customers
17570.0,17,1,100.0,1,Regular Customers
17571.0,178,1,205.23999999999998,2,At-Risk Customers
17572.0,9,7,496.26000000000005,1,Regular Customers
17575.0,303,1,171.7,2,At-Risk Customers
17576.0,1,23,5266.77,0,Loyal High-Value Customers
17577.0,281,2,348.75,2,At-Risk Customers
17578.0,110,6,903.87,1,Regular Customers
17579.0,214,1,304.38,2,At-Risk Customers
17580.0,12,2,325.3,1,Regular Customers
17581.0,8,20,7712.71,0,Loyal High-Value Customers
17582.0,82,4,1271.68,1,Regular Customers
17583.0,196,1,135.95,2,At-Risk Customers
17584.0,103,4,4067.12,1,Regular Customers
17585.0,81,3,948.03,1,Regular Customers
17586.0,255,1,167.4,2,At-Risk Customers
17587.0,264,1,176.71,2,At-Risk Customers
17588.0,32,4,1699.35,1,Regular Customers
17589.0,21,14,11433.77,0,Loyal High-Value Customers
17591.0,3,2,519.95,1,Regular Customers
17592.0,368,1,148.3,2,At-Risk Customers
17593.0,45,6,4168.46,1,Regular Customers
17594.0,85,2,1504.7,1,Regular Customers
17596.0,4,7,2075.7400000000002,1,Regular Customers
17597.0,54,4,1439.72,1,Regular Customers
17598.0,17,1,409.98,1,Regular Customers
17599.0,113,1,52.05,1,Regular Customers
17601.0,16,1,297.07,1,Regular Customers
17602.0,108,8,2300.01,1,Regular Customers
17603.0,253,3,1393.66,2,At-Risk Customers
17604.0,58,4,633.02,1,Regular Customers
17605.0,226,1,160.75,2,At-Risk Customers
17606.0,368,1,87.30000000000001,2,At-Risk Customers
17607.0,12,1,333.81,1,Regular Customers
17608.0,85,2,296.07,1,Regular Customers
17609.0,38,6,782.12,1,Regular Customers
17610.0,176,5,1511.94,2,At-Risk Customers
17611.0,57,13,4376.41,0,Loyal High-Value Customers
17612.0,15,12,3346.41,0,Loyal High-Value Customers
17615.0,23,3,392.2,1,Regular Customers
17616.0,3,2,489.59999999999997,1,Regular Customers
17617.0,194,1,385.19,2,At-Risk Customers
17618.0,19,8,3071.36,1,Regular Customers
17621.0,40,3,1795.22,1,Regular Customers
17622.0,233,2,1130.21,2,At-Risk Customers
17623.0,45,6,1838.72,1,Regular Customers
17624.0,73,2,725.15,1,Regular Customers
17625.0,82,4,3958.5,1,Regular Customers
17626.0,238,1,254.0,2,At-Risk Customers
17627.0,114,1,296.36,1,Regular Customers
17629.0,24,2,641.4,1,Regular Customers
17631.0,10,4,470.16,1,Regular Customers
17633.0,15,3,732.55,1,Regular Customers
17635.0,60,3,1265.58,1,Regular Customers
17638.0,283,2,842.4000000000001,2,At-Risk Customers
17639.0,23,5,506.67,1,Regular Customers
17640.0,15,5,2547.28,1,Regular Customers
17642.0,65,3,1112.2,1,Regular Customers
17643.0,9,2,439.7,1,Regular Customers
17644.0,30,9,3132.96,0,Loyal High-Value Customers
17646.0,1,10,3141.4,0,Loyal High-Value Customers
17647.0,305,2,198.6,2,At-Risk Customers
17648.0,21,1,418.87,1,Regular Customers
17649.0,105,2,710.4,1,Regular Customers
17651.0,134,6,1758.52,1,Regular Customers
17655.0,2,3,1013.54,1,Regular Customers
17657.0,66,1,126.0,1,Regular Customers
17659.0,8,3,835.33,1,Regular Customers
17660.0,368,1,163.47,2,At-Risk Customers
17662.0,297,2,412.92,2,At-Risk Customers
17663.0,53,10,3372.92,0,Loyal High-Value Customers
17664.0,110,2,561.59,1,Regular Customers
17665.0,129,1,563.1,1,Regular Customers
17666.0,113,3,1319.6399999999999,1,Regular Customers
17667.0,71,4,1895.19,1,Regular Customers
17669.0,98,3,2735.63,1,Regular Customers
17671.0,1,2,830.63,1,Regular Customers
17672.0,53,5,2600.46,1,Regular Customers
17673.0,11,7,2578.91,1,Regular Customers
17674.0,4,1,300.66,1,Regular Customers
17675.0,3,31,17885.32,3,VIP Customers
17676.0,2,5,1378.16,1,Regular Customers
17677.0,2,28,20004.390600000017,3,VIP Customers
17678.0,239,1,301.65,2,At-Risk Customers
17679.0,157,5,1585.5,2,At-Risk Customers
17680.0,19,2,313.05,1,Regular Customers
17681.0,233,5,731.2,2,At-Risk Customers
17682.0,4,6,1982.45,1,Regular Customers
17683.0,21,3,819.01,1,Regular Customers
17685.0,8,6,2751.64,1,Regular Customers
17686.0,59,2,2557.35,1,Regular Customers
17687.0,56,1,432.68,1,Regular Customers
17688.0,29,1,304.2,1,Regular Customers
17689.0,24,2,317.08,1,Regular Customers
17690.0,2,8,2685.2,1,Regular Customers
17691.0,4,3,489.65000000000003,1,Regular Customers
17692.0,32,8,2234.86,1,Regular Customers
17694.0,147,2,1412.85,2,At-Risk Customers
17695.0,30,3,980.6999999999999,1,Regular Customers
17696.0,18,19,5393.88,0,Loyal High-Value Customers
17699.0,112,2,442.0,1,Regular Customers
17700.0,17,10,4145.33,0,Loyal High-Value Customers
17702.0,19,2,1319.67,1,Regular Customers
17703.0,54,1,296.1,1,Regular Customers
17705.0,91,2,260.38,1,Regular Customers
17706.0,2,17,10245.49,0,Loyal High-Value Customers
17707.0,12,6,456.9,1,Regular Customers
17708.0,38,2,620.85,1,Regular Customers
17709.0,106,4,533.5600000000001,1,Regular Customers
17710.0,59,1,293.5,1,Regular Customers
17713.0,18,4,1198.09,1,Regular Customers
17714.0,60,4,1257.18,1,Regular Customers
17715.0,228,1,163.2,2,At-Risk Customers
17716.0,32,13,10300.98,0,Loyal High-Value Customers
17717.0,57,1,376.92,1,Regular Customers
17718.0,280,1,299.83,2,At-Risk Customers
17720.0,3,7,1572.97,1,Regular Customers
17721.0,295,1,307.21000000000004,2,At-Risk Customers
17722.0,2,2,2006.32,1,Regular Customers
17723.0,11,1,102.0,1,Regular Customers
17726.0,31,7,1092.06,1,Regular Customers
17728.0,40,2,1362.75,1,Regular Customers
17729.0,232,1,438.65000000000003,2,At-Risk Customers
17730.0,18,7,2475.32,1,Regular Customers
17731.0,257,2,468.88,2,At-Risk Customers
17732.0,8,8,2166.42,1,Regular Customers
17734.0,161,3,741.69,2,At-Risk Customers
17735.0,3,8,4134.91,0,Loyal High-Value Customers
17738.0,31,9,2304.51,1,Regular Customers
17739.0,10,11,4939.24,0,Loyal High-Value Customers
17740.0,25,6,426.90000000000003,1,Regular Customers
17741.0,42,2,101.1,1,Regular Customers
17742.0,64,9,1743.3700000000001,1,Regular Customers
17743.0,84,1,229.2,1,Regular Customers
17744.0,16,1,326.74,1,Regular Customers
17745.0,113,2,600.34,1,Regular Customers
17746.0,107,3,793.9300000000001,1,Regular Customers
17748.0,163,1,358.15,2,At-Risk Customers
17749.0,182,1,351.66,2,At-Risk Customers
17751.0,57,1,157.85999999999999,1,Regular Customers
17753.0,100,4,382.06,1,Regular Customers
17754.0,10,8,2786.57,1,Regular Customers
17756.0,11,3,728.75,1,Regular Customers
17757.0,4,28,3773.11,0,Loyal High-Value Customers
17758.0,63,4,1555.83,1,Regular Customers
17759.0,29,2,441.92,1,Regular Customers
17760.0,9,5,631.34,1,Regular Customers
17762.0,92,1,129.75,1,Regular Customers
17763.0,289,3,71.15,2,At-Risk Customers
17764.0,38,3,741.02,1,Regular Customers
17765.0,84,1,156.37,1,Regular Customers
17766.0,17,2,299.61,1,Regular Customers
17767.0,46,1,141.85,1,Regular Customers
17768.0,23,4,1210.83,1,Regular Customers
17769.0,19,7,3095.95,1,Regular Customers
17771.0,72,2,141.6,1,Regular Customers
17772.0,28,1,187.3,1,Regular Customers
17773.0,150,2,575.37,2,At-Risk Customers
17774.0,33,5,2060.1,1,Regular Customers
17776.0,22,2,330.56,1,Regular Customers
17778.0,297,1,197.70000000000002,2,At-Risk Customers
17780.0,303,3,346.56,2,At-Risk Customers
17782.0,18,2,679.02,1,Regular Customers
17783.0,148,1,93.49,2,At-Risk Customers
17784.0,186,1,112.86,2,At-Risk Customers
17785.0,81,2,271.44,1,Regular Customers
17787.0,7,1,736.28,1,Regular Customers
17789.0,297,1,171.25,2,At-Risk Customers
17790.0,14,6,815.11,1,Regular Customers
17792.0,103,2,368.35,1,Regular Customers
17794.0,322,2,147.3,2,At-Risk Customers
17796.0,5,4,661.04,1,Regular Customers
17797.0,31,5,1191.44,1,Regular Customers
17798.0,217,1,178.07,2,At-Risk Customers
17799.0,25,10,3207.76,0,Loyal High-Value Customers
17801.0,87,3,770.03,1,Regular Customers
17802.0,8,8,3761.38,0,Loyal High-Value Customers
17803.0,28,1,184.66,1,Regular Customers
17804.0,12,3,383.78000000000003,1,Regular Customers
17805.0,246,1,414.72,2,At-Risk Customers
17807.0,31,3,437.87,1,Regular Customers
17808.0,184,4,262.64,2,At-Risk Customers
17809.0,7,11,5925.4800000000005,0,Loyal High-Value Customers
17810.0,304,2,373.16,2,At-Risk Customers
17811.0,10,8,1757.98,1,Regular Customers
17812.0,4,4,405.48,1,Regular Customers
17814.0,11,2,1609.37,1,Regular Customers
17815.0,29,1,591.96,1,Regular Customers
17816.0,1,3,75.75999999999999,1,Regular Customers
17817.0,14,3,400.46999999999997,1,Regular Customers
17818.0,368,1,124.78,2,At-Risk Customers
17819.0,7,6,2907.65,1,Regular Customers
17820.0,10,1,180.60999999999999,1,Regular Customers
17821.0,42,1,334.62,1,Regular Customers
17822.0,56,5,2162.93,1,Regular Customers
17823.0,57,2,449.25,1,Regular Customers
17825.0,234,4,701.96,2,At-Risk Customers
17826.0,10,1,133.34,1,Regular Customers
17827.0,257,1,388.84,2,At-Risk Customers
17829.0,45,4,3867.5,1,Regular Customers
17833.0,359,1,338.46000000000004,2,At-Risk Customers
17834.0,50,2,689.6700000000001,1,Regular Customers
17838.0,1,10,3786.7000000000003,0,Loyal High-Value Customers
17840.0,79,1,175.9,1,Regular Customers
17841.0,1,31,20004.390600000017,3,VIP Customers
17842.0,238,1,430.69,2,At-Risk Customers
17843.0,47,1,114.92,1,Regular Customers
17845.0,191,4,596.09,2,At-Risk Customers
17847.0,151,2,129.69,2,At-Risk Customers
17848.0,53,21,2657.91,0,Loyal High-Value Customers
17849.0,116,4,457.96000000000004,1,Regular Customers
17850.0,8,31,20004.390600000017,3,VIP Customers
17851.0,58,6,1552.35,1,Regular Customers
17852.0,24,3,543.47,1,Regular Customers
17853.0,43,3,1596.29,1,Regular Customers
17854.0,98,4,757.24,1,Regular Customers
17855.0,8,1,208.97,1,Regular Customers
17857.0,1,2,1803.2,1,Regular Customers
17858.0,5,19,7614.24,0,Loyal High-Value Customers
17860.0,4,4,717.39,1,Regular Customers
17861.0,21,10,2990.41,0,Loyal High-Value Customers
17862.0,21,3,923.99,1,Regular Customers
17863.0,5,7,2585.2,1,Regular Customers
17864.0,21,2,321.72,1,Regular Customers
17865.0,11,26,15785.87,3,VIP Customers
17866.0,120,2,805.3000000000001,1,Regular Customers
17867.0,46,9,424.18,1,Regular Customers
17868.0,22,1,227.15,1,Regular Customers
17869.0,4,3,599.78,1,Regular Customers
17870.0,2,2,1213.8,1,Regular Customers
17871.0,33,4,913.05,1,Regular Customers
17872.0,17,1,235.87,1,Regular Customers
17873.0,9,14,4621.320000000001,0,Loyal High-Value Customers
17875.0,324,1,167.1,2,At-Risk Customers
17876.0,35,3,3424.02,1,Regular Customers
17878.0,31,2,999.48,1,Regular Customers
17880.0,275,2,366.0,2,At-Risk Customers
17882.0,15,2,291.56,1,Regular Customers
17883.0,175,3,324.08,2,At-Risk Customers
17884.0,4,18,2325.92,0,Loyal High-Value Customers
17886.0,73,3,703.27,1,Regular Customers
17888.0,10,17,1091.44,0,Loyal High-Value Customers
17889.0,10,5,545.05,1,Regular Customers
17894.0,2,11,1292.39,0,Loyal High-Value Customers
17897.0,3,8,1968.75,1,Regular Customers
17898.0,88,2,147.12,1,Regular Customers
17901.0,157,2,149.7,2,At-Risk Customers
17902.0,182,1,216.4,2,At-Risk Customers
17903.0,30,1,381.09000000000003,1,Regular Customers
17905.0,9,10,1580.38,1,Regular Customers
17907.0,276,1,291.76,2,At-Risk Customers
17908.0,9,5,1142.47,1,Regular Customers
17909.0,368,1,110.05,2,At-Risk Customers
17910.0,362,1,261.7,2,At-Risk Customers
17912.0,11,1,64.49,1,Regular Customers
17913.0,36,12,3020.64,0,Loyal High-Value Customers
17915.0,187,1,225.78,2,At-Risk Customers
17916.0,264,2,43.87,2,At-Risk Customers
17918.0,136,3,396.39,1,Regular Customers
17919.0,74,1,536.28,1,Regular Customers
17920.0,4,31,20004.390600000017,3,VIP Customers
17921.0,15,6,1574.13,1,Regular Customers
17922.0,179,1,170.4,2,At-Risk Customers
17923.0,163,2,289.5,2,At-Risk Customers
17924.0,9,2,574.2,1,Regular Customers
17925.0,8,1,244.08,1,Regular Customers
17926.0,80,3,638.2,1,Regular Customers
17927.0,357,1,294.0,2,At-Risk Customers
17928.0,207,1,128.7,2,At-Risk Customers
17929.0,23,8,2239.1,1,Regular Customers
17930.0,29,8,2534.7400000000002,1,Regular Customers
17931.0,33,12,2993.88,0,Loyal High-Value Customers
17933.0,268,1,114.69,2,At-Risk Customers
17934.0,42,1,344.90000000000003,1,Regular Customers
17935.0,36,5,540.35,1,Regular Customers
17938.0,56,1,144.29,1,Regular Customers
17940.0,81,6,20004.390600000017,0,Loyal High-Value Customers
17941.0,226,3,1128.72,2,At-Risk Customers
17944.0,59,1,74.99,1,Regular Customers
17945.0,332,3,360.35,2,At-Risk Customers
17949.0,7,31,20004.390600000017,3,VIP Customers
17950.0,1,6,947.26,1,Regular Customers
17951.0,9,2,627.5400000000001,1,Regular Customers
17952.0,14,4,788.46,1,Regular Customers
17953.0,176,1,159.17000000000002,2,At-Risk Customers
17954.0,3,9,1618.93,1,Regular Customers
17955.0,291,2,392.6,2,At-Risk Customers
17958.0,364,1,465.41999999999996,2,At-Risk Customers
17959.0,228,1,140.75,2,At-Risk Customers
17960.0,158,2,61.300000000000004,2,At-Risk Customers
17961.0,8,31,1697.85,3,VIP Customers
17962.0,185,3,564.55,2,At-Risk Customers
17963.0,107,4,643.16,1,Regular Customers
17964.0,8,1,261.76,1,Regular Customers
17965.0,1,17,4558.01,0,Loyal High-Value Customers
17966.0,227,5,865.49,2,At-Risk Customers
17967.0,7,2,223.42,1,Regular Customers
17968.0,9,4,590.44,1,Regular Customers
17969.0,138,18,2126.09,0,Loyal High-Value Customers
17971.0,184,1,161.94,2,At-Risk Customers
17974.0,17,3,1035.1,1,Regular Customers
17975.0,2,12,2527.17,0,Loyal High-Value Customers
17976.0,8,1,321.79,1,Regular Customers
17977.0,36,1,1223.31,1,Regular Customers
17978.0,1,4,1159.99,1,Regular Customers
17980.0,29,1,201.27,1,Regular Customers
17981.0,46,1,239.12,1,Regular Customers
17982.0,316,1,138.18,2,At-Risk Customers
17983.0,31,1,171.71,1,Regular Customers
17984.0,28,4,999.51,1,Regular Customers
17987.0,12,4,766.87,1,Regular Customers
17988.0,123,7,288.42,1,Regular Customers
17989.0,15,1,207.33,1,Regular Customers
17990.0,16,3,896.7700000000001,1,Regular Customers
17991.0,227,1,206.95,2,At-Risk Customers
17992.0,25,1,252.88,1,Regular Customers
17993.0,253,1,225.99,2,At-Risk Customers
17994.0,24,7,1595.1399999999999,1,Regular Customers
17995.0,18,2,419.38,1,Regular Customers
17996.0,15,3,482.33,1,Regular Customers
17998.0,16,3,639.24,1,Regular Customers
17999.0,2,2,338.41,1,Regular Customers
18000.0,200,1,124.25,2,At-Risk Customers
18001.0,85,4,509.01,1,Regular Customers
18002.0,11,4,244.37,1,Regular Customers
18003.0,12,1,353.51,1,Regular Customers
18006.0,17,3,524.83,1,Regular Customers
18007.0,28,1,215.22,1,Regular Customers
18008.0,51,14,17642.89,0,Loyal High-Value Customers
18009.0,178,7,1896.84,2,At-Risk Customers
18011.0,9,2,410.79,1,Regular Customers
18012.0,359,1,115.3,2,At-Risk Customers
18016.0,46,2,476.90000000000003,1,Regular Customers
18017.0,67,1,165.0,1,Regular Customers
18018.0,35,2,175.85,1,Regular Customers
18020.0,179,1,190.48000000000002,2,At-Risk Customers
18021.0,145,2,216.41,2,At-Risk Customers
18022.0,21,4,894.53,1,Regular Customers
18025.0,15,6,1177.72,1,Regular Customers
18026.0,136,2,2074.07,1,Regular Customers
18028.0,219,1,192.05,2,At-Risk Customers
18029.0,278,1,433.77,2,At-Risk Customers
18031.0,14,1,451.3,1,Regular Customers
18034.0,11,1,335.52,1,Regular Customers
18035.0,21,2,546.34,1,Regular Customers
18036.0,21,8,1142.37,1,Regular Customers
18037.0,57,9,97.39999999999999,1,Regular Customers
18038.0,192,1,141.48,2,At-Risk Customers
18039.0,10,4,548.22,1,Regular Customers
18041.0,1,20,4536.29,0,Loyal High-Value Customers
18042.0,177,1,116.10000000000001,2,At-Risk Customers
18043.0,2,1,287.91,1,Regular Customers
18044.0,23,8,1417.01,1,Regular Customers
18046.0,285,1,189.63,2,At-Risk Customers
18047.0,17,2,326.09,1,Regular Customers
18048.0,129,1,222.64000000000001,1,Regular Customers
18049.0,73,2,500.92,1,Regular Customers
18050.0,29,1,337.66,1,Regular Customers
18051.0,270,7,2282.28,2,At-Risk Customers
18052.0,200,1,10877.18,2,At-Risk Customers
18053.0,161,2,271.05,2,At-Risk Customers
18054.0,28,1,176.5,1,Regular Customers
18055.0,3,6,4381.78,1,Regular Customers
18056.0,254,1,190.95,2,At-Risk Customers
18057.0,29,3,1188.46,1,Regular Customers
18058.0,177,2,603.9,2,At-Risk Customers
18060.0,44,2,1185.46,1,Regular Customers
18061.0,2,19,4369.56,0,Loyal High-Value Customers
18062.0,22,3,912.15,1,Regular Customers
18063.0,26,2,186.60000000000002,1,Regular Customers
18064.0,82,9,3667.83,0,Loyal High-Value Customers
18065.0,24,15,3473.8,0,Loyal High-Value Customers
18066.0,22,2,1122.4,1,Regular Customers
18069.0,19,6,2455.68,1,Regular Customers
18070.0,305,1,314.1,2,At-Risk Customers
18071.0,1,5,975.63,1,Regular Customers
18074.0,9,2,1019.44,1,Regular Customers
18075.0,10,10,3171.54,0,Loyal High-Value Customers
18076.0,16,1,151.49,1,Regular Customers
18077.0,2,8,1699.25,1,Regular Customers
18078.0,61,2,389.4,1,Regular Customers
18079.0,127,1,590.78,1,Regular Customers
18083.0,33,1,463.53,1,Regular Customers
18084.0,19,2,704.75,1,Regular Customers
18085.0,9,3,955.8000000000001,1,Regular Customers
18087.0,15,15,10705.8,0,Loyal High-Value Customers
18089.0,82,1,428.45,1,Regular Customers
18090.0,57,1,321.9,1,Regular Customers
18091.0,229,1,360.85,2,At-Risk Customers
18092.0,1,8,7111.18,0,Loyal High-Value Customers
18093.0,80,4,2346.19,1,Regular Customers
18094.0,82,6,3374.22,1,Regular Customers
18095.0,63,3,1723.04,1,Regular Customers
18096.0,78,3,808.81,1,Regular Customers
18097.0,21,5,1965.52,1,Regular Customers
18098.0,32,1,527.94,1,Regular Customers
18100.0,186,1,451.56,2,At-Risk Customers
18101.0,10,3,399.61,1,Regular Customers
18102.0,1,31,20004.390600000017,3,VIP Customers
18103.0,185,1,105.8,2,At-Risk Customers
18106.0,112,5,1019.16,1,Regular Customers
18107.0,78,1,165.88,1,Regular Customers
18108.0,232,2,577.8100000000001,2,At-Risk Customers
18109.0,5,13,1828.24,0,Loyal High-Value Customers
18110.0,47,1,193.48000000000002,1,Regular Customers
18111.0,225,1,405.85,2,At-Risk Customers
18112.0,54,2,420.66999999999996,1,Regular Customers
18113.0,4,1,76.32000000000001,1,Regular Customers
18115.0,333,1,40.586400000000005,2,At-Risk Customers
18116.0,12,5,731.38,1,Regular Customers
18118.0,5,4,1068.05,1,Regular Customers
18119.0,3,1,180.7,1,Regular Customers
18123.0,149,1,92.2,2,At-Risk Customers
18124.0,108,1,102.65,1,Regular Customers
18127.0,39,1,209.05,1,Regular Customers
18128.0,173,1,399.29,2,At-Risk Customers
18131.0,267,1,222.95999999999998,2,At-Risk Customers
18132.0,140,1,220.13,2,At-Risk Customers
18134.0,234,2,445.0,2,At-Risk Customers
18135.0,28,5,567.71,1,Regular Customers
18136.0,45,2,847.03,1,Regular Customers
18137.0,187,2,145.99,2,At-Risk Customers
18140.0,109,1,536.41,1,Regular Customers
18141.0,37,2,882.47,1,Regular Customers
18144.0,9,8,2169.25,1,Regular Customers
18145.0,18,7,2748.19,1,Regular Customers
18148.0,282,1,112.85000000000001,2,At-Risk Customers
18149.0,40,4,941.88,1,Regular Customers
18151.0,56,4,1226.09,1,Regular Customers
18152.0,282,1,426.69,2,At-Risk Customers
18153.0,295,1,246.22,2,At-Risk Customers
18154.0,24,3,533.41,1,Regular Customers
18156.0,5,1,186.88,1,Regular Customers
18157.0,207,1,213.9,2,At-Risk Customers
18160.0,22,1,365.82,1,Regular Customers
18161.0,15,1,184.41,1,Regular Customers
18162.0,368,1,371.51,2,At-Risk Customers
18163.0,220,1,728.84,2,At-Risk Customers
18166.0,259,1,175.5,2,At-Risk Customers
18168.0,8,11,2538.7599999999998,0,Loyal High-Value Customers
18170.0,10,6,1897.69,1,Regular Customers
18171.0,106,4,1206.0,1,Regular Customers
18172.0,23,31,9905.56,3,VIP Customers
18173.0,248,1,589.52,2,At-Risk Customers
18174.0,239,1,58.5,2,At-Risk Customers
18175.0,311,1,176.10000000000002,2,At-Risk Customers
18177.0,196,3,875.45,2,At-Risk Customers
18178.0,38,7,4512.93,0,Loyal High-Value Customers
18179.0,158,2,754.38,2,At-Risk Customers
18181.0,36,4,821.49,1,Regular Customers
18182.0,99,1,291.13,1,Regular Customers
18186.0,358,1,329.58000000000004,2,At-Risk Customers
18187.0,267,1,724.89,2,At-Risk Customers
18188.0,66,3,1279.55,1,Regular Customers
18189.0,261,1,313.49,2,At-Risk Customers
18190.0,239,3,461.16,2,At-Risk Customers
18191.0,113,1,321.6,1,Regular Customers
18193.0,16,2,963.59,1,Regular Customers
18194.0,74,5,3188.2,1,Regular Customers
18195.0,23,1,101.16,1,Regular Customers
18196.0,107,2,770.56,1,Regular Customers
18197.0,211,1,230.1,2,At-Risk Customers
18199.0,319,1,344.75,2,At-Risk Customers
18201.0,358,1,447.53000000000003,2,At-Risk Customers
18203.0,17,3,332.1,1,Regular Customers
18206.0,189,1,314.65999999999997,2,At-Risk Customers
18207.0,135,1,544.47,1,Regular Customers
18208.0,201,1,360.08,2,At-Risk Customers
18210.0,18,1,147.45,1,Regular Customers
18212.0,313,1,298.3,2,At-Risk Customers
18214.0,166,4,1780.34,2,At-Risk Customers
18215.0,73,4,1933.15,1,Regular Customers
18217.0,149,2,323.29,2,At-Risk Customers
18218.0,232,2,479.91999999999996,2,At-Risk Customers
18219.0,4,8,1493.1200000000001,1,Regular Customers
18220.0,30,5,1616.48,1,Regular Customers
18221.0,26,1,383.33,1,Regular Customers
18223.0,23,12,7516.31,0,Loyal High-Value Customers
18225.0,1,15,7539.84,0,Loyal High-Value Customers
18226.0,14,15,6650.83,0,Loyal High-Value Customers
18227.0,120,1,295.0,1,Regular Customers
18229.0,2,10,3526.81,0,Loyal High-Value Customers
18230.0,14,2,1480.8600000000001,1,Regular Customers
18231.0,42,23,4782.400000000001,0,Loyal High-Value Customers
18234.0,187,1,179.6,2,At-Risk Customers
18236.0,24,6,913.11,1,Regular Customers
18238.0,151,1,270.92,2,At-Risk Customers
18239.0,8,2,588.75,1,Regular Customers
18241.0,51,4,913.9,1,Regular Customers
18242.0,81,4,1372.72,1,Regular Customers
18243.0,50,1,515.78,1,Regular Customers
18244.0,66,2,568.64,1,Regular Customers
18245.0,15,13,3757.92,0,Loyal High-Value Customers
18246.0,245,1,162.72,2,At-Risk Customers
18247.0,50,3,839.73,1,Regular Customers
18251.0,81,8,20004.390600000017,0,Loyal High-Value Customers
18252.0,184,5,1015.42,2,At-Risk Customers
18253.0,278,1,317.88,2,At-Risk Customers
18254.0,217,1,267.9,2,At-Risk Customers
18255.0,92,1,199.85,1,Regular Customers
18256.0,23,1,110.69999999999999,1,Regular Customers
18257.0,82,4,2262.52,1,Regular Customers
18258.0,100,6,2059.67,1,Regular Customers
18259.0,2,5,1979.6000000000001,1,Regular Customers
18260.0,10,17,7318.91,0,Loyal High-Value Customers
18262.0,29,2,428.06,1,Regular Customers
18264.0,134,1,603.25,1,Regular Customers
18266.0,70,1,251.1,1,Regular Customers
18267.0,308,1,269.37,2,At-Risk Customers
18268.0,227,5,1464.73,2,At-Risk Customers
18269.0,2,1,168.60000000000002,1,Regular Customers
18270.0,68,1,161.4,1,Regular Customers
18271.0,245,2,680.85,2,At-Risk Customers
18272.0,184,3,1307.4,2,At-Risk Customers
18273.0,226,1,153.0,2,At-Risk Customers
18275.0,214,2,741.85,2,At-Risk Customers
18276.0,28,5,1320.66,1,Regular Customers
18277.0,33,4,1069.67,1,Regular Customers
18278.0,40,1,240.3,1,Regular Customers
18279.0,155,1,231.34,2,At-Risk Customers
18280.0,30,1,307.55,1,Regular Customers
18281.0,213,1,120.32,2,At-Risk Customers
18283.0,18,6,619.37,1,Regular Customers
18284.0,67,1,461.68,1,Regular Customers
18285.0,296,1,427.0,2,At-Risk Customers
18286.0,112,2,1296.43,1,Regular Customers
18287.0,18,4,2345.71,1,Regular Customers
